"State_House_District","Precinct"
1,"103 - PRECINCT 103"
1,"104 - PRECINCT 104"
1,"107 - PRECINCT 107"
1,"111 - PRECINCT 111"
1,"114 - PRECINCT 114"
1,"117 - PRECINCT 117"
1,"120 - PRECINCT 120"
1,"123 - PRECINCT 123"
1,"124 - PRECINCT 124"
1,"125 - PRECINCT 125"
1,"129 - PRECINCT 129"
1,"131 - PRECINCT 131"
1,"133 - PRECINCT 133"
1,"134 - PRECINCT 134"
1,"135 - PRECINCT 135"
1,"136 - PRECINCT 136"
1,"137 - PRECINCT 137"
1,"139 - PRECINCT 139"
1,"140 - PRECINCT 140"
1,"145 - PRECINCT 145"
1,"146 - PRECINCT 146"
1,"147 - PRECINCT 147"
1,"151 - PRECINCT 151"
2,"102 - PRECINCT 102"
2,"103 - PRECINCT 103"
2,"106 - PRECINCT 106"
2,"107 - PRECINCT 107"
2,"108 - PRECINCT 108"
2,"110 - PRECINCT 110"
2,"113 - PRECINCT 113"
2,"115 - PRECINCT 115"
2,"116 - PRECINCT 116"
2,"117 - PRECINCT 117"
2,"118 - PRECINCT 118"
2,"119 - PRECINCT 119"
2,"121 - PRECINCT 121"
2,"122 - PRECINCT 122"
2,"125 - PRECINCT 125"
2,"126 - PRECINCT 126"
2,"132 - PRECINCT 132"
2,"138 - PRECINCT 138"
2,"141 - PRECINCT 141"
2,"143 - PRECINCT 143"
2,"144 - PRECINCT 144"
2,"145 - PRECINCT 145"
2,"146 - PRECINCT 146"
2,"148 - PRECINCT 148"
2,"149 - PRECINCT 149"
2,"150 - PRECINCT 150"
2,"152 - PRECINCT 152"
2,"153 - PRECINCT 153"
2,"154 - PRECINCT 154"
3,"101 - PRECINCT 101"
3,"105 - PRECINCT 105"
3,"108 - PRECINCT 108"
3,"109 - PRECINCT 109"
3,"112 - PRECINCT 112"
3,"113 - PRECINCT 113"
3,"121 - PRECINCT 121"
3,"122 - PRECINCT 122"
3,"126 - PRECINCT 126"
3,"127 - PRECINCT 127"
3,"128 - PRECINCT 128"
3,"130 - PRECINCT 130"
3,"138 - PRECINCT 138"
3,"142 - PRECINCT 142"
3,"143 - PRECINCT 143"
3,"147 - PRECINCT 147"
3,"201 - NAOMI L. BROOKS SCHOOL"
3,"202 - GEORGE MASON SCHOOL"
3,"203 - CHARLES BARRETT CENTER"
3,"204 - BLESSED SACRAMENT CHURCH"
3,"206 - CHINQUAPIN PARK RECREATION CTR"
4,"208 - NOVA ARTS CENTER"
4,"209 - JAMES K POLK SCHOOL"
4,"210 - F.T. DAY SCHOOL"
4,"302 - PATRICK HENRY REC CENTER"
4,"303 - CHARLES E BEATLEY LIBRARY"
4,"304 - SAMUEL TUCKER SCHOOL"
4,"305 - JOHN ADAMS SCHOOL"
4,"306 - WILLIAM RAMSAY SCHOOL"
4,"307 - SOUTH PORT"
4,"308 - CAMERON STATION COMMUNITY CTR"
4,"309 - OLYMPUS CONDO"
4,"501 - BAILEYS"
4,"505 - GLEN FOREST"
4,"506 - HOLMES"
4,"509 - PLAZA"
4,"510 - PARKLAWN"
4,"512 - SLEEPY HOLLOW"
4,"514 - CROSSROADS"
4,"517 - WILLSTON"
4,"520 - SKYLINE"
5,"101 - LADREY SENIOR BUILDING"
5,"102 - CITY HALL"
5,"103 - LYLES CROUCH SCHOOL"
5,"104 - DURANT CENTER"
5,"105 - LEE CENTER"
5,"106 - CORA KELLY CENTER"
5,"107 - MT VERNON RECREATION CENTER"
5,"108 - GEORGE WASHINGTON MIDDLE SCH"
5,"109 - FIRE DEPARTMENT HEADQUARTERS"
5,"110 - CHARLES HOUSTON CENTER"
5,"111 - POTOMAC YARD"
5,"201 - NAOMI L. BROOKS SCHOOL"
5,"202 - GEORGE MASON SCHOOL"
5,"205 - DOUGLAS MACARTHUR SCHOOL"
5,"206 - CHINQUAPIN PARK RECREATION CTR"
5,"207 - TEMPLE BETH EL SYNAGOGUE"
5,"210 - F.T. DAY SCHOOL"
5,"211 - ALEX RENEW"
5,"302 - PATRICK HENRY REC CENTER"
5,"303 - CHARLES E BEATLEY LIBRARY"
5,"304 - SAMUEL TUCKER SCHOOL"
5,"305 - JOHN ADAMS SCHOOL"
5,"306 - WILLIAM RAMSAY SCHOOL"
5,"307 - SOUTH PORT"
5,"308 - CAMERON STATION COMMUNITY CTR"
5,"309 - OLYMPUS CONDO"
6,"202 - FLINT HILL 1"
6,"208 - RESTON 1"
6,"214 - VIENNA 2"
6,"226 - WOLFTRAP"
6,"233 - NORTH POINT"
6,"234 - ALDRIN"
6,"240 - COLVIN"
6,"242 - WESTBRIAR 2"
6,"243 - SUNRISE VALLEY 2"
6,"245 - PINEY RUN"
6,"301 - CHAIN BRIDGE"
6,"302 - CHESTERBROOK"
6,"303 - CHURCHILL"
6,"304 - COOPER"
6,"305 - EL NIDO"
6,"306 - GREAT FALLS"
6,"307 - HAYCOCK"
6,"309 - KENMORE"
6,"310 - KIRBY"
6,"311 - LANGLEY"
6,"312 - LONGFELLOW"
6,"314 - MCLEAN"
6,"316 - SALONA"
6,"318 - WESTMORELAND"
6,"322 - FORESTVILLE"
6,"323 - SHOUSE"
6,"328 - HICKORY"
6,"329 - SENECA"
6,"331 - SPRING HILL"
6,"419 - LANE"
6,"421 - KINGSTOWNE"
6,"708 - MARSHALL"
6,"731 - TYSONS"
7,"201 - ARMSTRONG"
7,"208 - RESTON 1"
7,"209 - RESTON 2"
7,"220 - DOGWOOD"
7,"221 - HUNTERS WOODS"
7,"222 - RESTON 3"
7,"223 - GLADE"
7,"224 - SOUTH LAKES"
7,"225 - HUGHES"
7,"227 - SUNRISE VALLEY 1"
7,"233 - NORTH POINT"
7,"234 - ALDRIN"
7,"236 - STUART"
7,"238 - CAMERON GLEN"
7,"244 - FOX MILL 2"
7,"319 - HERNDON 1"
7,"321 - CLEARVIEW"
7,"327 - SUGARLAND"
7,"856 - PENDERBROOK"
7,"914 - VALE"
7,"916 - WAPLES MILL"
8,"203 - FLORIS"
8,"221 - HUNTERS WOODS"
8,"222 - RESTON 3"
8,"229 - FOX MILL 1"
8,"234 - ALDRIN"
8,"235 - FRYING PAN"
8,"237 - MCNAIR"
8,"319 - HERNDON 1"
8,"320 - HERNDON 2"
8,"324 - HERNDON 3"
8,"325 - HUTCHISON"
8,"332 - COATES"
8,"536 - WOODBURN"
8,"735 - ROTONDA"
8,"905 - FRANKLIN"
8,"908 - HIDDEN MEADOW"
8,"909 - OAK HILL"
8,"911 - NAVY"
8,"916 - WAPLES MILL"
8,"920 - CHANTILLY"
8,"923 - BULL RUN"
8,"931 - CARSON"
9,"132 - MONUMENT"
9,"223 - GLADE"
9,"332 - COATES"
9,"720 - THOREAU"
9,"802 - CEDAR LAKE"
9,"843 - FAIR LAKES"
9,"844 - CENTERPOINTE"
9,"846 - GREENBRIAR EAST"
9,"847 - GREENBRIAR WEST"
9,"848 - FAIR OAKS"
9,"854 - NEWGATE SOUTH"
9,"902 - BROOKFIELD"
9,"903 - CUB RUN"
9,"904 - STONECROFT"
9,"905 - FRANKLIN"
9,"910 - LONDON TOWNE"
9,"911 - NAVY"
9,"913 - ROCKY RUN"
9,"915 - VIRGINIA RUN"
9,"917 - STONE"
9,"919 - GREEN TRAILS"
9,"921 - DEER PARK"
9,"923 - BULL RUN"
9,"927 - ARMFIELD"
9,"928 - POPLAR TREE"
9,"934 - FOX VALLEY"
9,"935 - SPINDLE 2"
10,"119 - LAUREL"
10,"120 - SIDEBURN 1"
10,"123 - ROBINSON"
10,"126 - BONNIE BRAE"
10,"137 - SIDEBURN 2"
10,"138 - EAGLE VIEW 2"
10,"726 - MAGARITY"
10,"803 - CLIFTON SOUTH"
10,"804 - COLCHESTER"
10,"805 - FAIRFAX STATION"
10,"815 - WOODYARD"
10,"841 - POPES HEAD"
10,"849 - NEWGATE NORTH"
10,"851 - WILLOW SPRINGS 1"
10,"854 - NEWGATE SOUTH"
10,"858 - CLIFTON TOWN"
10,"859 - LIBERTY"
10,"862 - WILLOW SPRINGS 2"
10,"901 - CENTRE RIDGE"
10,"903 - CUB RUN"
10,"917 - STONE"
10,"918 - CENTREVILLE"
10,"919 - GREEN TRAILS"
10,"921 - DEER PARK"
10,"923 - BULL RUN"
10,"924 - SPINDLE 1"
10,"925 - OLD MILL"
10,"926 - POWELL"
11,"001 - ONE"
11,"002 - TWO"
11,"003 - THREE"
11,"004 - FOUR"
11,"005 - FIVE"
11,"006 - SIX"
11,"121 - VILLA"
11,"131 - EAGLE VIEW 1"
11,"132 - MONUMENT"
11,"134 - UNIVERSITY"
11,"136 - WOODSON 2"
11,"218 - VIENNA 6"
11,"241 - FLINT HILL 2"
11,"701 - BLAKE"
11,"709 - MOSBY 1"
11,"726 - MAGARITY"
11,"727 - OAKTON"
11,"731 - TYSONS"
11,"732 - OAK MARR"
11,"734 - HUNTERS BRANCH"
11,"844 - CENTERPOINTE"
11,"856 - PENDERBROOK"
11,"857 - ISLAND POND"
11,"929 - DIFFICULT RUN"
12,"109 - LITTLE RUN"
12,"116 - WAKEFIELD"
12,"131 - EAGLE VIEW 1"
12,"202 - FLINT HILL 1"
12,"203 - FLORIS"
12,"204 - MADISON"
12,"213 - VIENNA 1"
12,"214 - VIENNA 2"
12,"216 - VIENNA 4"
12,"218 - VIENNA 6"
12,"219 - WESTBRIAR 1"
12,"226 - WOLFTRAP"
12,"238 - CAMERON GLEN"
12,"241 - FLINT HILL 2"
12,"303 - CHURCHILL"
12,"309 - KENMORE"
12,"311 - LANGLEY"
12,"316 - SALONA"
12,"317 - WESTHAMPTON"
12,"318 - WESTMORELAND"
12,"325 - HUTCHISON"
12,"406 - HAYFIELD"
12,"415 - CRESTWOOD"
12,"420 - VILLAGES"
12,"504 - BRISTOW"
12,"521 - BROOK HILL"
12,"525 - WALNUT HILL"
12,"528 - RIDGELEA"
12,"601 - BELLE HAVEN"
12,"701 - BLAKE"
12,"704 - FREEDOM HILL"
12,"705 - GRAHAM - GREENWAY"
12,"707 - MANTUA"
12,"708 - MARSHALL"
12,"711 - PRICE"
12,"714 - WALKER"
12,"718 - PINE RIDGE"
12,"720 - THOREAU"
12,"721 - MERRIFIELD"
12,"723 - GALLOWS EAST"
12,"726 - MAGARITY"
12,"729 - NOTTOWAY"
12,"731 - TYSONS"
12,"733 - KILMER"
12,"735 - ROTONDA"
12,"736 - BEDFORD"
12,"737 - MOSBY 2"
12,"844 - CENTERPOINTE"
12,"849 - NEWGATE NORTH"
12,"911 - NAVY"
13,"001 - FIRST WARD"
13,"002 - SECOND WARD"
13,"003 - THIRD WARD"
13,"118 - LAKE BRADDOCK"
13,"307 - HAYCOCK"
13,"315 - PIMMIT"
13,"317 - WESTHAMPTON"
13,"502 - BARCROFT"
13,"503 - BELVEDERE"
13,"506 - HOLMES"
13,"511 - RAVENWOOD"
13,"512 - SLEEPY HOLLOW"
13,"515 - WESTLAWN"
13,"521 - BROOK HILL"
13,"525 - WALNUT HILL"
13,"530 - TRIPPS"
13,"535 - FORT BUFFALO"
13,"705 - GRAHAM - GREENWAY"
13,"708 - MARSHALL"
13,"710 - PINE SPRING"
13,"712 - SHREVE"
13,"713 - TIMBER LANE"
13,"721 - MERRIFIELD"
13,"723 - GALLOWS EAST"
14,"104 - CHAPEL"
14,"106 - HERITAGE"
14,"110 - NORTH SPRINGFIELD"
14,"113 - CANTERBURY"
14,"115 - RAVENSWORTH"
14,"116 - WAKEFIELD"
14,"117 - WOODSON 1"
14,"403 - FORESTDALE"
14,"409 - PIONEER"
14,"503 - BELVEDERE"
14,"504 - BRISTOW"
14,"507 - LINCOLNIA"
14,"508 - MASONVILLE"
14,"510 - PARKLAWN"
14,"512 - SLEEPY HOLLOW"
14,"513 - SAINT ALBANS"
14,"516 - WEYANOKE"
14,"518 - COLUMBIA"
14,"519 - HUMMER"
14,"521 - BROOK HILL"
14,"522 - CAMELOT"
14,"523 - POE"
14,"526 - BREN MAR"
14,"527 - EDSALL"
14,"536 - WOODBURN"
14,"736 - BEDFORD"
15,"105 - FAIRVIEW"
15,"108 - KINGS PARK"
15,"109 - LITTLE RUN"
15,"114 - OLDE CREEK"
15,"117 - WOODSON 1"
15,"118 - LAKE BRADDOCK"
15,"120 - SIDEBURN 1"
15,"123 - ROBINSON"
15,"125 - SIGNAL HILL"
15,"127 - BURKE CENTRE"
15,"130 - TERRA CENTRE"
15,"629 - SOUTH COUNTY"
15,"632 - HALLEY 1"
15,"807 - HUNT VALLEY"
15,"811 - POHICK"
15,"824 - ORANGE"
15,"825 - CHERRY RUN"
15,"833 - WHITE OAKS"
15,"838 - SANGSTER"
15,"839 - SILVERBROOK"
15,"841 - POPES HEAD"
15,"842 - PARKWAY"
15,"845 - FOUNTAINHEAD"
15,"850 - SOUTH RUN"
15,"860 - SANDY RUN"
15,"861 - BURKE 2"
16,"405 - GROVETON"
16,"413 - FAIRFIELD"
16,"424 - HUNTLEY"
16,"428 - PINEWOOD"
16,"429 - HYBLA VALLEY"
16,"601 - BELLE HAVEN"
16,"602 - BELLEVIEW"
16,"604 - BUCKNELL"
16,"605 - FORT HUNT"
16,"606 - HOLLIN HALL"
16,"608 - KIRKSIDE"
16,"609 - MARLAN"
16,"610 - SHERWOOD"
16,"611 - STRATFORD"
16,"612 - WAYNEWOOD"
16,"613 - WESTGATE"
16,"614 - RIVERSIDE"
16,"615 - WOODLEY"
16,"627 - WOODLAWN 1"
16,"628 - LAUREL HILL 1"
17,"307 - HAYCOCK"
17,"401 - BUSH HILL"
17,"402 - CAMERON"
17,"403 - FORESTDALE"
17,"404 - FRANCONIA 1"
17,"406 - HAYFIELD"
17,"408 - MOUNT EAGLE"
17,"409 - PIONEER"
17,"410 - ROSE HILL"
17,"411 - VIRGINIA HILLS"
17,"419 - LANE"
17,"420 - VILLAGES"
17,"421 - KINGSTOWNE"
17,"422 - VAN DORN"
17,"423 - CLERMONT"
17,"427 - ISLAND CREEK"
17,"432 - FRANCONIA 2"
17,"601 - BELLE HAVEN"
17,"607 - HUNTINGTON"
17,"621 - GROSVENOR"
17,"630 - ARMY"
17,"825 - CHERRY RUN"
17,"903 - CUB RUN"
18,"110 - NORTH SPRINGFIELD"
18,"128 - CARDINAL"
18,"129 - KEENE MILL"
18,"130 - TERRA CENTRE"
18,"135 - IRVING"
18,"329 - SENECA"
18,"401 - BUSH HILL"
18,"415 - CRESTWOOD"
18,"417 - GARFIELD"
18,"418 - LYNBROOK 1"
18,"426 - GREENSPRING"
18,"431 - WEST SPRINGFIELD"
18,"433 - LYNBROOK 2"
18,"527 - EDSALL"
18,"618 - NEWINGTON 1"
18,"623 - ALBAN"
18,"628 - LAUREL HILL 1"
18,"629 - SOUTH COUNTY"
18,"630 - ARMY"
18,"631 - POHICK CREEK"
18,"633 - HALLEY 2"
18,"634 - NEWINGTON 2"
18,"636 - LAUREL HILL 2"
18,"801 - BURKE 1"
18,"806 - SYDENSTRICKER"
18,"807 - HUNT VALLEY"
18,"812 - VALLEY"
18,"850 - SOUTH RUN"
18,"855 - SARATOGA"
19,"118 - LAKE BRADDOCK"
19,"302 - POTOMAC"
19,"615 - COMMONS"
19,"615 - WOODLEY"
19,"616 - GUNSTON"
19,"617 - LORTON"
19,"622 - LORTON STATION"
19,"627 - WOODLAWN 1"
19,"629 - SOUTH COUNTY"
19,"631 - POHICK CREEK"
19,"635 - WOODLAWN 2"
19,"636 - LAUREL HILL 2"
19,"701 - BELMONT"
19,"702 - LIBRARY"
19,"703 - LYNN"
19,"704 - PORTER"
19,"705 - POTOMAC VIEW"
19,"706 - RIPPON"
19,"707 - KILBY"
19,"709 - FREEDOM"
19,"711 - GRAYSON"
19,"712 - LEESYLVANIA"
20,"001 - DEAN"
20,"001 - PRECINCT ONE"
20,"002 - PRECINCT TWO"
20,"002 - WEEMS"
20,"003 - METZ"
20,"003 - PRECINCT THREE"
20,"004 - HAYDON"
20,"005 - BALDWIN"
20,"006 - ROUND"
20,"101 - BRENTSVILLE"
20,"104 - NOKESVILLE"
20,"105 - PINEY BRANCH"
20,"106 - UNITY REED"
20,"108 - VICTORY"
20,"114 - BRISTOW RUN"
20,"203 - BENNETT"
20,"204 - ELLIS"
20,"209 - INDEPENDENT HILL"
20,"210 - YATES FORD"
20,"211 - SIGNAL HILL"
20,"212 - YORKSHIRE"
20,"213 - PARKSIDE"
20,"214 - LUCASVILLE"
20,"301 - DUMFRIES"
20,"404 - UNITY BRAXTON"
20,"408 - SUDLEY"
20,"410 - MOUNTAIN VIEW"
20,"411 - MULLEN"
20,"515 - MARSHALL"
21,"104 - NOKESVILLE"
21,"105 - PINEY BRANCH"
21,"106 - UNITY REED"
21,"107 - MARSTELLER"
21,"108 - VICTORY"
21,"109 - CHRIS YUNG"
21,"110 - BUCKLAND MILLS"
21,"111 - LIMESTONE"
21,"112 - BURKE-NICKENS"
21,"202 - WEST GATE"
21,"204 - ELLIS"
21,"205 - BUCKHALL"
21,"209 - INDEPENDENT HILL"
21,"214 - LUCASVILLE"
21,"401 - EVERGREEN"
21,"402 - GRAVELY"
21,"403 - BULL RUN"
21,"404 - UNITY BRAXTON"
21,"405 - BEN LOMOND"
21,"406 - ALVEY"
21,"407 - HERITAGE HUNT"
21,"409 - TYLER"
21,"410 - MOUNTAIN VIEW"
21,"411 - MULLEN"
21,"412 - CATHARPIN"
21,"413 - REAGAN"
21,"414 - SEYMOUR"
21,"501 - SPRINGWOODS"
22,"101 - BRENTSVILLE"
22,"102 - CEDAR POINT"
22,"103 - GLENKIRK"
22,"104 - NOKESVILLE"
22,"105 - PINEY BRANCH"
22,"107 - MARSTELLER"
22,"108 - VICTORY"
22,"109 - CHRIS YUNG"
22,"110 - BUCKLAND MILLS"
22,"111 - LIMESTONE"
22,"112 - BURKE-NICKENS"
22,"113 - LAKES"
22,"114 - BRISTOW RUN"
22,"203 - BENNETT"
22,"205 - BUCKHALL"
22,"206 - COLES"
22,"208 - COLGAN"
22,"209 - INDEPENDENT HILL"
22,"210 - YATES FORD"
22,"214 - LUCASVILLE"
22,"316 - POTOMAC SHORES"
22,"406 - ALVEY"
22,"409 - TYLER"
22,"412 - CATHARPIN"
22,"515 - MARSHALL"
22,"609 - KING"
23,"101 - HARTWOOD"
23,"106 - FORGE"
23,"201 - ROCK HILL"
23,"203 - RUBY"
23,"204 - STEFANIGA"
23,"205 - MOUNT ARARAT"
23,"209 - INDEPENDENT HILL"
23,"301 - DUMFRIES"
23,"301 - STAFFORDBORO"
23,"302 - POTOMAC"
23,"302 - WIDEWATER"
23,"303 - BARRETT HEIGHTS"
23,"303 - GRAHAM PARK"
23,"304 - AQUIA EPISCOPAL"
23,"304 - QUANTICO"
23,"305 - GRIFFIS"
23,"306 - FOUR SEASONS"
23,"306 - MIDWAY"
23,"310 - PW FOREST PARK"
23,"311 - SWANS CREEK"
23,"312 - TRIANGLE"
23,"313 - CARDINAL"
23,"315 - WILLIAMS"
23,"316 - POTOMAC SHORES"
23,"401 - COURTHOUSE"
23,"402 - BROOKE"
23,"405 - HOPE"
23,"406 - AQUIA"
23,"507 - CHINN"
23,"615 - COMMONS"
23,"616 - MARKHAM"
23,"702 - WHITSON"
23,"703 - HAMPTON"
23,"704 - POOLE"
23,"708 - RIVER OAKS"
23,"709 - FREEDOM"
23,"710 - POWELLS CREEK"
24,"201 - HYLTON"
24,"206 - COLES"
24,"207 - SPRIGGS"
24,"208 - COLGAN"
24,"209 - INDEPENDENT HILL"
24,"215 - ROSA PARKS"
24,"305 - FOREST PARK"
24,"306 - FOUR SEASONS"
24,"307 - HENDERSON"
24,"308 - MONTCLAIR"
24,"309 - ASHLAND"
24,"313 - CARDINAL"
24,"314 - CABIN BRANCH"
24,"601 - DALE"
24,"603 - HAMPTON"
24,"604 - GAR-FIELD"
24,"606 - BEL AIR"
24,"608 - ENTERPRISE"
24,"609 - KING"
24,"610 - FITZGERALD"
24,"611 - NEABSCO"
24,"614 - MCAULIFFE"
24,"702 - LIBRARY"
24,"705 - POTOMAC VIEW"
25,"101 - BRENTSVILLE"
25,"201 - HYLTON"
25,"205 - BUCKHALL"
25,"215 - ROSA PARKS"
25,"302 - POTOMAC"
25,"303 - GRAHAM PARK"
25,"310 - PW FOREST PARK"
25,"311 - SWANS CREEK"
25,"313 - CARDINAL"
25,"501 - SPRINGWOODS"
25,"502 - OCCOQUAN"
25,"503 - MOHICAN"
25,"504 - ROCKLEDGE"
25,"505 - LAKE RIDGE"
25,"506 - OLD BRIDGE"
25,"507 - CHINN"
25,"508 - PENN"
25,"509 - MC COART"
25,"510 - COUNTY CENTER"
25,"511 - WESTRIDGE"
25,"512 - YORK"
25,"513 - WOODBRIDGE"
25,"514 - ANTIETAM"
25,"516 - KERRYDALE"
25,"601 - DALE"
25,"602 - BEVILLE"
25,"604 - GAR-FIELD"
25,"605 - MINNIEVILLE"
25,"606 - BEL AIR"
25,"607 - JENKINS"
25,"608 - ENTERPRISE"
25,"609 - KING"
25,"611 - NEABSCO"
25,"612 - ELM FARM"
25,"613 - HOADLY"
25,"614 - MCAULIFFE"
25,"615 - COMMONS"
25,"701 - BELMONT"
25,"706 - RIPPON"
25,"707 - KILBY"
25,"708 - RIVER OAKS"
25,"709 - FREEDOM"
25,"712 - LEESYLVANIA"
26,"107 - LITTLE RIVER"
26,"108 - MERCER"
26,"112 - FREEDOM"
26,"114 - DULLES SOUTH"
26,"117 - CARTER"
26,"118 - MOOREFIELD"
26,"119 - ARCOLA"
26,"120 - LUNSFORD"
26,"121 - TOWN HALL"
26,"122 - HUTCHISON FARM"
26,"124 - LIBERTY"
26,"125 - ROCK RIDGE"
26,"126 - GOSHEN POST"
26,"312 - BRIAR WOODS"
26,"313 - PINEBROOK"
26,"314 - LEGACY"
26,"316 - CREIGHTON'S CORNER"
26,"318 - MADISON'S TRUST"
26,"319 - JOHN CHAMPE"
26,"320 - STONE HILL"
26,"321 - BRAMBLETON MIDDLE"
26,"322 - BUFFALO TRAIL"
26,"617 - OAK GROVE"
26,"628 - MOOREFIELD STATION"
26,"808 - STONE BRIDGE"
26,"818 - BROAD RUN"
27,"107 - LITTLE RIVER"
27,"114 - DULLES SOUTH"
27,"117 - CARTER"
27,"123 - CARDINAL RIDGE"
27,"124 - LIBERTY"
27,"209 - POTOMAC FALLS"
27,"210 - CASCADES"
27,"214 - SUGARLAND NORTH"
27,"215 - SUGARLAND SOUTH"
27,"216 - LOWES ISLAND"
27,"217 - SOUTH BANK"
27,"319 - JOHN CHAMPE"
27,"322 - BUFFALO TRAIL"
27,"409 - CLARKES GAP"
27,"509 - TOLBERT"
27,"617 - OAK GROVE"
27,"619 - RIDGETOP"
27,"621 - DOMINION TRAIL"
27,"628 - MOOREFIELD STATION"
27,"629 - DISCOVERY"
27,"701 - SULLY"
27,"702 - PARK VIEW"
27,"703 - ROLLING RIDGE"
27,"705 - FOREST GROVE"
27,"707 - CLAUDE MOORE PARK"
27,"708 - SENECA"
27,"709 - MIRROR RIDGE"
27,"710 - STERLING"
28,"112 - FREEDOM"
28,"117 - CARTER"
28,"118 - MOOREFIELD"
28,"122 - HUTCHISON FARM"
28,"124 - LIBERTY"
28,"125 - ROCK RIDGE"
28,"207 - RIVER BEND"
28,"208 - ALGONKIAN"
28,"213 - COUNTRYSIDE"
28,"215 - SUGARLAND SOUTH"
28,"219 - GALILEE CHURCH"
28,"312 - BRIAR WOODS"
28,"314 - LEGACY"
28,"316 - CREIGHTON'S CORNER"
28,"319 - JOHN CHAMPE"
28,"320 - STONE HILL"
28,"401 - WEST LOVETTSVILLE"
28,"408 - EVERGREEN"
28,"509 - TOLBERT"
28,"615 - HILLSIDE"
28,"616 - EAGLE RIDGE"
28,"619 - RIDGETOP"
28,"620 - RUSSELL BRANCH"
28,"621 - DOMINION TRAIL"
28,"622 - FARMWELL STATION"
28,"623 - WELLER"
28,"625 - MILL RUN"
28,"626 - ASHBY PONDS"
28,"627 - ASHBROOK"
28,"628 - MOOREFIELD STATION"
28,"629 - DISCOVERY"
28,"707 - CLAUDE MOORE PARK"
28,"808 - STONE BRIDGE"
28,"810 - CEDAR LANE"
28,"813 - SELDENS LANDING"
28,"817 - SANDERS CORNER"
28,"818 - BROAD RUN"
28,"819 - HERITAGE CHURCH"
28,"820 - BELMONT STATION"
29,"118 - MOOREFIELD"
29,"126 - GOSHEN POST"
29,"213 - COUNTRYSIDE"
29,"218 - UNIVERSITY CENTER"
29,"308 - ST LOUIS"
29,"310 - MOUNTAIN VIEW"
29,"311 - ROUND HILL ELEMENTARY"
29,"312 - BRIAR WOODS"
29,"316 - CREIGHTON'S CORNER"
29,"402 - WATERFORD"
29,"403 - LUCKETTS"
29,"407 - HARPER PARK"
29,"408 - EVERGREEN"
29,"409 - CLARKES GAP"
29,"414 - RED ROCK"
29,"416 - HAMILTON"
29,"420 - RIVER CREEK"
29,"422 - SYCOLIN CREEK"
29,"501 - WEST LEESBURG"
29,"502 - EAST LEESBURG"
29,"503 - DRY MILL"
29,"504 - SMARTS MILL"
29,"505 - COOL SPRING"
29,"506 - BRANDON PARK"
29,"507 - GREENWAY"
29,"508 - BALLS BLUFF"
29,"509 - TOLBERT"
29,"510 - HERITAGE"
29,"628 - MOOREFIELD STATION"
29,"810 - CEDAR LANE"
29,"813 - SELDENS LANDING"
29,"814 - NEWTON-LEE"
29,"815 - BELMONT RIDGE"
29,"819 - HERITAGE CHURCH"
29,"820 - BELMONT STATION"
29,"822 - RIVERSIDE"
30,"119 - ARCOLA"
30,"126 - GOSHEN POST"
30,"215 - SUGARLAND SOUTH"
30,"301 - PURCELLVILLE"
30,"302 - ROUND HILL"
30,"303 - HILLSBORO"
30,"305 - PHILOMONT"
30,"307 - MIDDLEBURG"
30,"308 - ST LOUIS"
30,"309 - ALDIE"
30,"310 - MOUNTAIN VIEW"
30,"311 - ROUND HILL ELEMENTARY"
30,"313 - PINEBROOK"
30,"315 - FIREHOUSE"
30,"316 - CREIGHTON'S CORNER"
30,"318 - MADISON'S TRUST"
30,"319 - JOHN CHAMPE"
30,"321 - BRAMBLETON MIDDLE"
30,"322 - BUFFALO TRAIL"
30,"401 - SALEM"
30,"401 - WEST LOVETTSVILLE"
30,"402 - LEEDS"
30,"402 - WATERFORD"
30,"403 - LUCKETTS"
30,"403 - WATERLOO"
30,"409 - CLARKES GAP"
30,"411 - EAST LOVETTSVILLE"
30,"413 - TUSCARORA"
30,"416 - HAMILTON"
30,"421 - BETWEEN THE HILLS"
30,"422 - SYCOLIN CREEK"
30,"501 - HOPEWELL"
30,"503 - DRY MILL"
30,"505 - THE PLAINS"
30,"508 - BALLS BLUFF"
30,"628 - MOOREFIELD STATION"
31,"101 - FORK TOWN"
31,"101 - RUSSELL"
31,"102 - OTTERBURN"
31,"103 - KERNSTOWN"
31,"104 - CEDAR CREEK"
31,"105 - MIDDLETOWN"
31,"201 - BERRYVILLE"
31,"201 - HAPPY CREEK"
31,"202 - LINDEN"
31,"301 - MILLWOOD"
31,"301 - NORTH RIVER"
31,"302 - PINE GROVE"
31,"302 - RIVERTON"
31,"305 - SUNNYSIDE"
31,"401 - ARMEL"
31,"401 - EAST SHENANDOAH"
31,"401 - WHITE POST"
31,"402 - SHENANDOAH"
31,"402 - TOWN - WEST SHENANDOAH"
31,"403 - PARKINS MILL"
31,"404 - WHITE OAK SCHOOL"
31,"501 - BUCKMARSH"
31,"501 - SOUTH RIVER"
31,"501 - STEPHENS CITY"
31,"502 - BASS-HOOVER"
31,"502 - BENTONVILLE"
31,"502 - BLUE RIDGE"
31,"503 - CANTERBURG"
31,"504 - BROWNTOWN"
31,"504 - VAUCLUSE SPRING"
31,"505 - AYLOR"
31,"603 - GREENWOOD"
31,"604 - CARPERS VALLEY"
31,"605 - SULPHUR SPRING"
32,"101 - MERRIMANS"
32,"101 - RUSSELLS"
32,"102 - GORE"
32,"102 - OLD TOWN"
32,"103 - KERNSTOWN"
32,"201 - GAINESBOROUGH"
32,"201 - VIRGINIA AVENUE"
32,"202 - ALBIN"
32,"203 - REDLAND"
32,"204 - NAIN"
32,"205 - WHITE HALL"
32,"301 - CLEAR BROOK"
32,"301 - WAR MEMORIAL"
32,"302 - NEFFS TOWN"
32,"303 - JORDAN SPRINGS"
32,"304 - GIBSON SCHOOL"
32,"305 - SUNNYSIDE"
32,"401 - FREDERICK DOUGLASS"
32,"402 - ROLLING HILLS"
32,"502 - BASS-HOOVER"
32,"504 - VAUCLUSE SPRING"
32,"505 - AYLOR"
32,"601 - MILLBROOK"
32,"602 - ASH HOLLOW"
32,"603 - GREENWOOD"
32,"604 - CARPERS VALLEY"
33,"101 - BROADWAY"
33,"101 - FORK TOWN"
33,"101 - ORKNEY SPRINGS"
33,"101 - WEST LURAY"
33,"102 - TIMBERVILLE"
33,"103 - FULKS RUN"
33,"103 - NEW MARKET"
33,"104 - BERGTON"
33,"105 - LACEY SPRING"
33,"106 - LONE PINE"
33,"201 - CONICVILLE"
33,"201 - EAST LURAY"
33,"201 - SINGERS GLEN"
33,"202 - EDOM"
33,"202 - MT JACKSON"
33,"301 - MARKSVILLE"
33,"302 - EDINBURG"
33,"303 - MELROSE"
33,"303 - ST LUKE"
33,"304 - FORT VALLEY"
33,"401 - NEWPORT"
33,"401 - WOODSTOCK NORTH"
33,"402 - WOODSTOCK SOUTH"
33,"501 - CEDAR CREEK"
33,"501 - SHENANDOAH"
33,"502 - BENTONVILLE"
33,"503 - TOMS BROOK"
33,"504 - BROWNTOWN"
33,"504 - LEBANON CHURCH"
33,"601 - STRASBURG WEST"
33,"602 - STRASBURG EAST"
34,"101 - NORTHEAST"
34,"102 - EAST CENTRAL"
34,"103 - SOUTHEAST"
34,"104 - EAST"
34,"105 - LACEY SPRING"
34,"105 - SOUTH EAST CENTRAL"
34,"106 - LONE PINE"
34,"201 - NORTHWEST"
34,"201 - SINGERS GLEN"
34,"202 - EDOM"
34,"202 - SOUTHWEST"
34,"203 - WEST"
34,"204 - MT CLINTON"
34,"205 - SILVER LAKE"
34,"301 - KEEZLETOWN"
34,"302 - PORT REPUBLIC"
34,"303 - MELROSE"
34,"305 - MASSANETTA SPRINGS"
34,"306 - CROSSROADS"
34,"401 - WEST BRIDGEWATER"
34,"404 - NORTH RIVER"
34,"501 - ELKTON"
34,"502 - SWIFT RUN"
34,"503 - MCGAHEYSVILLE"
34,"504 - SOUTH FORK"
34,"505 - STONY RUN"
34,"506 - DEEP RUN"
35,"001 - MONTEREY"
35,"003 - WILSONS MILL"
35,"005 - BLUE GRASS"
35,"007 - MILL GAP"
35,"008 - MCDOWELL"
35,"101 - WARM SPRINGS"
35,"102 - MOUNTAIN GROVE"
35,"102 - STUARTS DRAFT ELEMENTARY"
35,"103 - VERONA"
35,"104 - WILSON"
35,"201 - CRIMORA"
35,"201 - HOT SPRINGS"
35,"202 - EDOM"
35,"202 - NEW HOPE"
35,"203 - DAYTON"
35,"203 - WEYERS CAVE"
35,"204 - MT CLINTON"
35,"205 - SILVER LAKE"
35,"301 - FAIRVIEW"
35,"301 - FORT DEFIANCE"
35,"302 - BURNSVILLE"
35,"302 - NORTH RIVER"
35,"302 - PORT REPUBLIC"
35,"303 - MOUNT SOLON"
35,"304 - GROTTOES"
35,"304 - ROLLA"
35,"305 - MASSANETTA SPRINGS"
35,"306 - CROSSROADS"
35,"401 - BUFFALO GAP"
35,"401 - MILLBORO"
35,"401 - WEST BRIDGEWATER"
35,"402 - CHURCHVILLE ELEMENTARY"
35,"402 - MONTEZUMA"
35,"403 - CRAIGSVILLE"
35,"403 - MT CRAWFORD"
35,"404 - DEERFIELD"
35,"404 - NORTH RIVER"
35,"405 - CEDAR GREEN"
35,"405 - OTTOBINE"
35,"406 - EAST BRIDGEWATER"
35,"501 - GREENVILLE"
35,"501 - HEALING SPRINGS"
35,"502 - MIDDLEBROOK"
35,"502 - SWIFT RUN"
35,"503 - MCGAHEYSVILLE"
35,"506 - DEEP RUN"
35,"801 - DOOMS"
35,"802 - FISHERSVILLE"
35,"803 - LADD"
35,"804 - GOOSE CREEK"
36,"001 - WARD A"
36,"002 - WARD B"
36,"003 - WARD C"
36,"004 - WARD D"
36,"101 - JOLIVUE"
36,"101 - WARD NO 1"
36,"102 - STUARTS DRAFT ELEMENTARY"
36,"104 - WILSON"
36,"201 - CRIMORA"
36,"201 - WARD TWO"
36,"202 - HIGHLAND BELLE"
36,"203 - VO-TECH"
36,"301 - MAURY RIVER"
36,"301 - WARD NO 3"
36,"302 - NORTH RIVER"
36,"304 - ROLLA"
36,"401 - BUFFALO GAP"
36,"401 - FAIRFIELD"
36,"401 - WARD NO 4"
36,"402 - MOUNTAIN VIEW"
36,"403 - VESUVIUS"
36,"405 - CEDAR GREEN"
36,"501 - GREENVILLE"
36,"501 - WARD NO 5"
36,"502 - MEADOWVIEW"
36,"502 - MIDDLEBROOK"
36,"503 - ROCKBRIDGE BATHS"
36,"503 - SPOTTSWOOD"
36,"504 - ROCKBRIDGE"
36,"504 - WHITE HILL"
36,"601 - SHERANDO"
36,"602 - RIDGEVIEW"
36,"603 - LYNDHURST"
36,"604 - MOUNT VERNON"
36,"803 - LADD"
36,"804 - GOOSE CREEK"
37,"001 - FIRST WARD"
37,"001 - LEXINGTON"
37,"002 - SECOND WARD"
37,"101 - AIRPORT"
37,"101 - ARRITT"
37,"101 - COURT HOUSE"
37,"101 - DALEVILLE"
37,"101 - PRECINCT 1-1"
37,"102 - BEN SALEM"
37,"102 - GREENFIELD"
37,"103 - DAMERON"
37,"103 - PLANK ROAD"
37,"104 - EFFINGER"
37,"201 - AMMENDALE PRECINCT"
37,"201 - BLUE RIDGE"
37,"201 - COLLIERSTOWN"
37,"201 - HUMPBACK BRIDGE"
37,"201 - PRECINCT 2-1"
37,"202 - DOLLY ANN"
37,"202 - HIGHLAND BELLE"
37,"202 - RAINBOW FOREST"
37,"301 - BUCHANAN"
37,"301 - CALLAGHAN"
37,"301 - GIVENS & REYNOLDS STORE"
37,"301 - MAURY RIVER"
37,"301 - PRECINCT 3-1"
37,"302 - GRIFFITH"
37,"302 - MILL CREEK"
37,"302 - NATURAL BRIDGE"
37,"303 - FALLING SPRING"
37,"303 - MARSHALLS STORE"
37,"401 - BARBOURS CREEK"
37,"401 - LOW MOOR"
37,"401 - PRECINCT 4-1"
37,"402 - JACKSON HEIGHTS"
37,"402 - MOUNTAIN VIEW"
37,"402 - PAINT BANK"
37,"403 - CRAIG SPRINGS"
37,"403 - EAGLE ROCK"
37,"406 - FINCASTLE"
37,"501 - CRAIG CITY"
37,"501 - GOSHEN"
37,"501 - IRON GATE"
37,"501 - PRECINCT 5-1"
37,"501 - TROUTVILLE"
37,"502 - CLOVERDALE"
37,"502 - MEADOWVIEW"
37,"502 - PETERS SWITCH"
37,"503 - ROCKBRIDGE BATHS"
37,"601 - DISTRICT 1"
37,"701 - DISTRICT 2"
38,"001 - PETERS CREEK"
38,"002 - GRANDVIEW"
38,"003 - PRESTON PARK"
38,"004 - WILLIAMSON ROAD"
38,"005 - EAST GATE"
38,"006 - HOLLINS ROAD"
38,"007 - SOUTHEAST"
38,"008 - LINCOLN TERRACE"
38,"009 - HIGHLAND"
38,"010 - OLD SOUTHWEST-WASENA"
38,"011 - RALEIGH COURT"
38,"012 - SOUTH ROANOKE"
38,"013 - GARDEN CITY"
38,"014 - CRYSTAL SPRING"
38,"015 - GRANDIN COURT"
38,"017 - LEE-HI"
38,"018 - SUMMIT HILLS"
38,"019 - FOREST PARK"
38,"020 - EUREKA PARK"
39,"102 - BURNT CHIMNEY"
39,"103 - SCRUGGS"
39,"201 - GLADE HILL"
39,"202 - PENHOOK"
39,"203 - HODGESVILLE"
39,"203 - MOUNTAIN VIEW"
39,"204 - DUDLEY"
39,"204 - GREEN RIDGE"
39,"205 - ORCHARDS"
39,"301 - SNOW CREEK"
39,"302 - FORK MOUNTAIN"
39,"303 - SONTAG"
39,"304 - DICKINSON"
39,"401 - BONSACK"
39,"401 - HENRY"
39,"402 - FERRUM"
39,"402 - NORTH LINDENWOOD"
39,"403 - ENDICOTT"
39,"403 - NORTH VINTON"
39,"404 - SOUTH VINTON"
39,"404 - WAIDSBORO"
39,"405 - SOUTH LINDENWOOD"
39,"406 - MOUNT PLEASANT"
39,"502 - CALLAWAY"
39,"503 - BOWMANS"
39,"504 - GOGGINSVILLE"
39,"505 - CLEARBROOK"
39,"506 - BUCK MOUNTAIN"
39,"601 - BOONES MILL"
39,"602 - BONBROOK"
39,"603 - COOPERS COVE"
39,"701 - ROCKY MOUNT EAST"
39,"702 - ROCKY MOUNT WEST"
39,"703 - ROCKY MOUNT SOUTH"
40,"001 - NORTH SALEM NO 2"
40,"002 - CONEHURST"
40,"003 - BEVERLY HEIGHTS"
40,"004 - WEST SALEM"
40,"005 - NORTH SALEM NO 1"
40,"006 - SOUTH SALEM NO 1"
40,"007 - SOUTH SALEM NO 2"
40,"008 - EAST SALEM"
40,"009 - SOUTH SIDE HILLS"
40,"010 - HIDDEN VALLEY"
40,"011 - RALEIGH COURT"
40,"015 - GRANDIN COURT"
40,"016 - DEYERLE"
40,"017 - LEE-HI"
40,"018 - SUMMIT HILLS"
40,"019 - FOREST PARK"
40,"102 - RICHFIELD"
40,"103 - NORTH GLENVAR"
40,"104 - NORTHSIDE"
40,"105 - HANGING ROCK"
40,"106 - SOUTH GLENVAR"
40,"107 - FORT LEWIS"
40,"201 - PLANTATION"
40,"202 - BURLINGTON"
40,"204 - GREEN RIDGE"
40,"206 - HOLLINS"
40,"302 - BACK CREEK"
40,"303 - WINDSOR HILLS"
40,"304 - OAK GROVE"
40,"305 - EAST HIDDEN VALLEY"
40,"306 - GARST MILL"
40,"307 - WEST HIDDEN VALLEY"
40,"501 - STARKEY"
40,"502 - WEST CAVE SPRING"
40,"503 - EAST CAVE SPRING"
40,"504 - GREEN VALLEY"
40,"505 - CLEARBROOK"
40,"507 - HUNTING HILLS"
41,"101 - CATAWBA"
41,"101 - PRECINCT A-1"
41,"102 - PRECINCT A-2"
41,"102 - RICHFIELD"
41,"103 - NORTH GLENVAR"
41,"103 - PRECINCT A-3"
41,"104 - PRECINCT A-4"
41,"105 - PRECINCT A-5"
41,"106 - SOUTH GLENVAR"
41,"107 - FORT LEWIS"
41,"201 - PRECINCT B-1"
41,"202 - PRECINCT B-2"
41,"203 - PRECINCT B-3"
41,"205 - PRECINCT B-5"
41,"301 - BENT MOUNTAIN"
41,"301 - PRECINCT C-1"
41,"302 - BACK CREEK"
41,"302 - PRECINCT C-2"
41,"303 - PRECINCT C-3"
41,"304 - PRECINCT C-4"
41,"305 - EAST HIDDEN VALLEY"
41,"307 - WEST HIDDEN VALLEY"
41,"401 - PRECINCT D-1"
41,"402 - PRECINCT D-2"
41,"403 - PRECINCT D-3"
41,"404 - PRECINCT D-4"
41,"501 - PRECINCT E-1"
41,"501 - STARKEY"
41,"502 - PRECINCT E-2"
41,"503 - PRECINCT E-3"
41,"504 - PRECINCT E-4"
41,"507 - HUNTING HILLS"
41,"601 - PRECINCT F-1"
41,"602 - PRECINCT F-2"
41,"603 - PRECINCT F-3"
41,"701 - PRECINCT G-1"
41,"702 - PRECINCT G-2"
41,"703 - PRECINCT G-3"
42,"001 - EAST PRECINCT"
42,"002 - CENTRAL PRECINCT"
42,"003 - WEST PRECINCT"
42,"004 - NEW RIVER PRECINCT"
42,"101 - BELSPRING"
42,"101 - GLEN LYN"
42,"101 - PRECINCT A-1"
42,"102 - NEW RIVER"
42,"102 - RICH CREEK"
42,"103 - NARROWS"
42,"103 - WEST CLOYD"
42,"201 - DRAPER"
42,"201 - PEARISBURG"
42,"201 - PRECINCT B-1"
42,"202 - PRECINCT B-2"
42,"202 - STAFFORDSVILLE"
42,"203 - NEWBERN"
42,"203 - PRECINCT B-3"
42,"203 - WHITE GATE"
42,"204 - PRECINCT B-4"
42,"205 - PRECINCT B-5"
42,"301 - DUBLIN"
42,"301 - EGGLESTON"
42,"302 - HIWASSEE"
42,"302 - PEMBROKE"
42,"303 - NEWPORT"
42,"304 - PRECINCT C-4"
42,"304 - SNOWVILLE"
42,"305 - PRECINCT C-5"
42,"401 - PRECINCT D-1"
42,"402 - PRECINCT D-2"
42,"402 - WALKER"
42,"403 - PRECINCT D-3"
42,"404 - EAST MASSIE"
42,"404 - PRECINCT D-4"
42,"501 - PRECINCT E-1"
42,"501 - ROBINSON"
42,"502 - PRECINCT E-2"
42,"504 - PRECINCT E-4"
42,"601 - PRECINCT F-1"
42,"703 - PRECINCT G-3"
43,"101 - BASTIAN"
43,"101 - INDIAN VALLEY"
43,"101 - SOUTH CLINTWOOD"
43,"102 - BLACKEY"
43,"102 - CERES"
43,"102 - TIP TOP"
43,"103 - HURLEY"
43,"103 - MUNDY TOWN"
43,"104 - FALLS MILLS"
43,"106 - POCAHONTAS"
43,"107 - AMONATE"
43,"109 - BISHOP"
43,"112 - BANDY"
43,"201 - DAVIS"
43,"201 - GRASSY"
43,"201 - NORA"
43,"202 - BULL"
43,"202 - FRYING PAN"
43,"202 - SEDDON"
43,"203 - BURKES GARDEN"
43,"203 - CLINCHCO"
43,"203 - ROCKLICK"
43,"204 - CLEAR FORK"
43,"207 - FREESTONE"
43,"209 - JEFFERSONVILLE"
43,"214 - THOMPSON VALLEY"
43,"301 - CEDAR BLUFF"
43,"301 - COOKS MILL"
43,"301 - HOLLYBROOK"
43,"301 - SLATE"
43,"301 - WEST DANTE"
43,"302 - BAPTIST VALLEY"
43,"302 - DAUGHERTY"
43,"302 - HERALD"
43,"302 - MECHANICSBURG"
43,"302 - NORTH GRUNDY"
43,"303 - NEW GARDEN"
43,"303 - PAINT LICK"
43,"303 - RIDGE"
43,"304 - CLEVELAND"
43,"304 - LONGS FORK"
43,"401 - DRILL"
43,"401 - HAYSI-COLLEY"
43,"401 - RICHLANDS"
43,"401 - ROCKY GAP"
43,"402 - JEWELL RIDGE"
43,"402 - SWORDS CREEK"
43,"403 - HONAKER"
43,"403 - SOUTH GRUNDY"
43,"404 - OAKWOOD"
43,"405 - GRUNDY"
43,"501 - PRATER"
43,"501 - SPRINGVILLE"
43,"501 - TARPON"
43,"501 - WEST LEBANON"
43,"502 - FOX"
43,"502 - GRAHAM"
43,"502 - NORTH CLINTWOOD"
43,"503 - VANSANT"
43,"601 - COUNCIL"
43,"601 - EAST LEBANON"
43,"602 - ELK GARDEN"
43,"602 - GARDEN"
43,"603 - HURRICANE"
43,"701 - WHITEWOOD"
43,"702 - CONTRARY"
44,"001 - FIRST WARD"
44,"002 - SECOND WARD"
44,"003 - THIRD WARD"
44,"004 - FOURTH WARD"
44,"101 - EAST ABINGDON"
44,"101 - MOCCASIN"
44,"102 - COPPER CREEK"
44,"102 - WEST ABINGDON"
44,"103 - SOUTH CASTLEWOOD"
44,"201 - CLINCHBURG"
44,"201 - NORTH CASTLEWOOD"
44,"202 - DANTE"
44,"202 - GREENDALE"
44,"203 - HAYTERS GAP"
44,"204 - WOODLAND HILLS"
44,"301 - COOKS MILL"
44,"301 - WATAUGA"
44,"302 - DAUGHERTY"
44,"302 - SOUTH ABINGDON"
44,"303 - NEW GARDEN"
44,"304 - CLEVELAND"
44,"401 - GLADE SPRING"
44,"402 - MEADOWVIEW"
44,"501 - RHEA VALLEY"
44,"501 - WEST LEBANON"
44,"502 - DAMASCUS"
44,"504 - GREEN COVE"
44,"601 - BURSON PLACE"
44,"601 - EAST LEBANON"
44,"602 - ELK GARDEN"
44,"602 - MENDOTA"
44,"603 - VALLEY INSTITUTE"
44,"701 - HIGH POINT"
44,"702 - WALLACE"
44,"703 - JOHN BATTLE"
45,"001 - EAST WARD"
45,"101 - APPALACHIA"
45,"101 - ELYDALE"
45,"101 - SOUTH CLINTWOOD"
45,"101 - WEBER CITY"
45,"102 - DORCHESTER"
45,"102 - EWING"
45,"102 - YUMA"
45,"103 - GUEST RIVER VOTING PLACE"
45,"103 - ROSE HILL"
45,"104 - WEST POUND"
45,"201 - BLACKWATER"
45,"201 - NORA"
45,"201 - NORTH COEBURN"
45,"202 - FLATWOODS"
45,"202 - WEBER CITY EAST"
45,"202 - WISE"
45,"203 - EAST POUND"
45,"203 - HILTONS"
45,"203 - JONESVILLE"
45,"204 - CLARK'S"
45,"301 - BEN HUR"
45,"301 - BIG STONE GAP"
45,"301 - NICKELSVILLE"
45,"301 - WEST DANTE"
45,"302 - EAST STONE GAP"
45,"302 - HERALD"
45,"302 - SNOWFLAKE"
45,"302 - WOODWAY"
45,"303 - RIDGE"
45,"303 - TWIN SPRINGS"
45,"304 - COPPER CREEK"
45,"304 - LONGS FORK"
45,"401 - CLINCH VALLEY"
45,"401 - GATE CITY"
45,"401 - STICKLEYVILLE"
45,"402 - JASPER"
45,"402 - SOUTH COEBURN"
45,"403 - SEMINARY"
45,"403 - ST PAUL"
45,"404 - DRYDEN"
45,"501 - DUNGANNON"
45,"501 - SAINT CHARLES"
45,"502 - FORT BLACKMORE"
45,"502 - NORTH CLINTWOOD"
45,"502 - PENNINGTON"
45,"503 - MANVILLE"
45,"503 - ROBBINS CHAPEL"
45,"504 - KEOKEE"
45,"504 - RYE COVE"
45,"601 - CLINCHPORT"
45,"602 - DUFFIELD-PATTONSVILLE"
45,"603 - FAIRVIEW"
46,"101 - BRIDLE CREEK"
46,"101 - ROYAL OAK"
46,"101 - SALTVILLE"
46,"102 - FLATRIDGE"
46,"102 - RURAL RETREAT"
46,"103 - GRANT"
46,"104 - MOUTH OF WILSON"
46,"105 - MOUNT ROGERS"
46,"106 - RUGBY"
46,"107 - TROUTDALE"
46,"108 - COMERS ROCK"
46,"201 - DRAPER"
46,"201 - SEVEN MILE FORD"
46,"202 - ELK CREEK"
46,"202 - RICH VALLEY"
46,"202 - SOUTH PULASKI"
46,"203 - INDEPENDENCE"
46,"203 - NEWBERN"
46,"203 - WEST WYTHEVILLE"
46,"301 - BAYWOOD"
46,"301 - CHILHOWIE"
46,"302 - FAIRVIEW"
46,"302 - ST CLAIR"
46,"303 - EAST WYTHEVILLE"
46,"401 - EAST PARK"
46,"401 - FORT CHISWELL"
46,"401 - FRIES"
46,"402 - MAX MEADOWS"
46,"402 - PROVIDENCE"
46,"402 - WALKER"
46,"402 - WEST PARK"
46,"403 - OLDTOWN"
46,"403 - WEST MASSIE"
46,"404 - EAST MASSIE"
46,"501 - ATKINS"
46,"501 - JACKSON MEMORIAL"
46,"501 - ROBINSON"
46,"502 - SHEFFEY"
46,"502 - WASSONA"
46,"601 - HUDDLE"
46,"601 - ROYAL OAK EAST"
46,"602 - ROYAL OAK WEST"
46,"602 - ZION"
46,"603 - EVERGREEN"
46,"701 - ADWOLFE"
46,"702 - SUGAR GROVE"
46,"703 - KONNAROCK"
47,"001 - EAST"
47,"005 - WEST"
47,"101 - ARARAT"
47,"101 - BASSETT 2"
47,"101 - LOCUST GROVE"
47,"101 - MT BETHEL"
47,"102 - CLAUDVILLE"
47,"102 - GUNVILLE"
47,"102 - ST PAUL"
47,"103 - LAMBSBURG"
47,"103 - SCOTT'S TANYARD"
47,"103 - WILLIS GAP"
47,"105 - FANCY GAP"
47,"201 - DRY POND"
47,"201 - FIELDALE"
47,"201 - HILLSVILLE B"
47,"201 - LITTLE RIVER"
47,"202 - HORSEPASTURE 1"
47,"202 - LAUREL FORK"
47,"202 - PATRICK SPRINGS"
47,"203 - GLADESBORO"
47,"203 - RUSSELL CREEK"
47,"204 - SPENCER"
47,"301 - COURTHOUSE"
47,"301 - CRITZ/STELLA"
47,"301 - HILLSVILLE C"
47,"302 - LIBERTY"
47,"302 - SYLVATUS"
47,"303 - DUGSPUR"
47,"401 - BURKS FORK"
47,"401 - COLLINSVILLE 1"
47,"401 - MEADOWS OF DAN"
47,"401 - OAKLAND"
47,"402 - DANIELS CREEK"
47,"402 - STUART FAIRGROUNDS"
47,"402 - WOODLAWN D"
47,"403 - STUART COMMUNITY"
47,"501 - BASSETT 1"
47,"501 - INDIAN VALLEY"
47,"501 - VAUGHAN"
47,"502 - ELAMSVILLE"
47,"502 - FIGSBORO"
47,"502 - GLADEVILLE"
47,"503 - STANLEYTOWN"
47,"503 - WOODLAWN E"
47,"503 - WOOLWINE"
47,"504 - LAUREL"
47,"504 - OAK LEVEL"
47,"604 - RIDGEWAY 2"
48,"001 - PRECINCT 1"
48,"002 - PRECINCT 2"
48,"003 - PRECINCT 3"
48,"004 - PRECINCT 4"
48,"005 - PRECINCT 5"
48,"006 - PRECINCT 6"
48,"103 - SCOTT'S TANYARD"
48,"103 - TWIN SPRINGS"
48,"105 - CHATHAM"
48,"106 - TUNSTALL"
48,"108 - WEST BLAIRS"
48,"201 - CALLANDS"
48,"201 - FIELDALE"
48,"202 - BEARSKIN"
48,"202 - HORSEPASTURE 1"
48,"203 - HORSEPASTURE 2"
48,"204 - SANDY LEVEL"
48,"204 - SPENCER"
48,"206 - CLIMAX"
48,"207 - GRETNA"
48,"301 - CENTRAL"
48,"302 - AXTON"
48,"303 - IRISBURG"
48,"304 - MOUNT OLIVET"
48,"305 - MOUNTAIN VALLEY"
48,"305 - RICEVILLE"
48,"308 - MT AIRY"
48,"309 - EAST GRETNA"
48,"401 - COLLINSVILLE 1"
48,"402 - DANIELS CREEK"
48,"404 - COLLINSVILLE NUMBER 2"
48,"405 - MOUNTAIN VIEW"
48,"501 - HURT"
48,"502 - FIGSBORO"
48,"502 - MOTLEY SYCAMORE"
48,"503 - RENAN"
48,"503 - STANLEYTOWN"
48,"505 - DYERS STORE"
48,"601 - FONTAINE"
48,"602 - HILLCREST"
48,"603 - RIDGEWAY 1"
48,"603 - STONY MILL"
48,"604 - RIDGEWAY 2"
48,"604 - SWANSONVILLE"
48,"605 - WHITMELL"
48,"606 - BROSVILLE"
48,"607 - DRY FORK"
48,"702 - BACHELORS HALL"
48,"703 - FERRY ROAD"
48,"704 - MT HERMON"
48,"705 - MT CROSS"
49,"001 - WARD ONE"
49,"002 - WARD TWO"
49,"003 - WARD THREE"
49,"004 - WARD FOUR"
49,"006 - WARD SIX"
49,"007 - WARD SEVEN"
49,"008 - WARD EIGHT"
49,"009 - WARD NINE"
49,"010 - WARD TEN"
49,"011 - WARD ELEVEN"
49,"012 - WARD TWELVE"
49,"013 - WARD THIRTEEN"
49,"014 - WARD FOURTEEN"
49,"015 - WARD FIFTEEN"
49,"016 - WARD SIXTEEN"
49,"017 - WARD SEVENTEEN"
49,"103 - REPUBLICAN GROVE"
49,"103 - TWIN SPRINGS"
49,"106 - TUNSTALL"
49,"108 - WEST BLAIRS"
49,"202 - CROSSROADS"
49,"302 - MEADVILLE"
49,"304 - VERNON HILL"
49,"305 - SINAI"
49,"307 - EAST BLAIRS"
49,"401 - COURTHOUSE"
49,"402 - KEELING"
49,"403 - CENTER"
49,"404 - KENTUCK"
49,"405 - RINGGOLD"
49,"502 - DAN RIVER"
49,"601 - BLACK WALNUT"
49,"603 - MT CARMEL"
49,"605 - UNION"
49,"701 - HYCO"
49,"702 - MIDWAY"
49,"703 - FERRY ROAD"
49,"703 - VIRGILINA"
49,"704 - MT HERMON"
49,"705 - MT CROSS"
49,"801 - SOUTH BOSTON"
50,"101 - CHILDREY"
50,"101 - COUNTY SEAT"
50,"101 - FARMVILLE"
50,"101 - PLYMOUTH"
50,"101 - WRIGHTS STORE"
50,"102 - LIBERTY"
50,"102 - PEARSONS STORE"
50,"103 - REPUBLICAN GROVE"
50,"103 - SOUTH CLARKSVILLE"
50,"201 - BOYDTON"
50,"201 - BROWNS STORE"
50,"201 - CLAYS MILL"
50,"201 - LOCKETT"
50,"201 - RED OAK WYLLIESBURG"
50,"202 - BLUESTONE SENIOR HIGH SCHOOL"
50,"202 - CROSSROADS"
50,"203 - CHASE CITY VFW POST"
50,"203 - CLOVER"
50,"301 - BRACEY"
50,"301 - LEIGH"
50,"301 - ROSEBUD"
50,"302 - DRAKES BRANCH"
50,"302 - FLAT ROCK"
50,"302 - LACROSSE"
50,"302 - MEADVILLE"
50,"302 - MT PLEASANT"
50,"304 - VERNON HILL"
50,"305 - SINAI"
50,"401 - AMERICAN LEGION HALL"
50,"401 - ARROWHEAD GUN CLUB"
50,"401 - COURTHOUSE"
50,"401 - HAMPDEN"
50,"401 - KEYSVILLE"
50,"402 - PARK VIEW MIDDLE SCHOOL"
50,"402 - PLEASANT GROVE"
50,"403 - CENTER"
50,"501 - CULLEN"
50,"501 - DARLINGTON HTS"
50,"501 - REEDY CREEK"
50,"501 - SOUTH HILL"
50,"502 - BUFFALO HTS"
50,"502 - DAN RIVER"
50,"502 - PEOPLES COMMUNITY CENTER"
50,"503 - SCOTTSBURG"
50,"601 - BASKERVILLE"
50,"601 - HOUNDS CREEK"
50,"601 - PROSPECT"
50,"602 - PHENIX"
50,"602 - UNION LEVEL"
50,"603 - SMITH CROSSROADS"
50,"604 - LAKE GASTON"
50,"701 - CHASE CITY"
50,"701 - MEHERRIN FIRE DEPARTMENT"
50,"701 - WEST END"
50,"702 - BACON/SAXE"
50,"702 - MIDWAY"
50,"702 - SUNSHINE"
50,"702 - VICTORIA PUBLIC LIBRARY"
50,"801 - CENTER"
50,"801 - FINCHLEY"
50,"802 - BLUESTONE"
50,"803 - CHASE CITY ELEMENTARY SCHOOL"
50,"901 - AVERETT"
50,"902 - BUFFALO SPRINGS"
50,"903 - CLARKSVILLE"
51,"101 - GOODVIEW ELEM SCHOOL"
51,"102 - HARDY VOL FIRE CO"
51,"102 - NEW LONDON"
51,"103 - CHAMBLISSBURG BAPTIST CHURCH"
51,"104 - BARNHARDT BAPTIST CHURCH"
51,"105 - DIAMOND HILL BAPTIST CHURCH"
51,"201 - BEDFORD CHRISTIAN CHURCH"
51,"202 - BEDFORD SPRINGS"
51,"202 - STAUNTON RIVER HIGH SCHOOL"
51,"203 - EASTLAKE COMMUNITY CHURCH"
51,"204 - HUDDLESTON ELEMENTARY SCHOOL"
51,"205 - SAUNDERS VOL FIRE CO"
51,"301 - EVINGTON"
51,"301 - NEW LONDON ACADEMY"
51,"302 - BEDFORD COUNTY GYM"
51,"302 - OTTER RIVER"
51,"303 - ALTAVISTA"
51,"303 - FOREST ALLIANCE CHURCH"
51,"304 - FREEDOM BAPTIST CHURCH"
51,"305 - FOREST FIRE STATION #2"
51,"401 - FOREST ELEMENTARY SCHOOL"
51,"401 - THREE FORKS"
51,"402 - COURT HOUSE"
51,"501 - HURT"
51,"501 - SPRING HILL"
51,"502 - SUCK SPRING BAPTIST CHURCH"
51,"502 - YELLOW BRANCH"
51,"503 - RENAN"
51,"601 - KINGS"
51,"601 - MONTVALE ELEM SCHOOL"
51,"602 - CONCORD"
51,"602 - SHADY GROVE FIRE DEPARTMENT"
51,"603 - BEDFORD MOOSE LODGE"
51,"604 - BEDFORD WELCOME CENTER"
51,"701 - BROOKNEAL"
51,"701 - GOODE VOL RESCUE SQUAD"
51,"702 - GLADYS"
51,"702 - LIBERTY HIGH SCHOOL"
51,"703 - MORRIS CHURCH"
51,"703 - THAXTON BAPTIST CHURCH"
51,"704 - BEDFORD CENTRAL LIBRARY"
52,"101 - BROOKVILLE"
52,"101 - FIRST WARD FIRST PRECINCT"
52,"102 - FIRST WARD SECOND PRECINCT"
52,"102 - NEW LONDON"
52,"103 - FIRST WARD THIRD PRECINCT"
52,"104 - FIRST WARD FOURTH PRECINCT"
52,"105 - FIRST WARD FIFTH PRECINCT"
52,"201 - SECOND WARD FIRST PRECINCT"
52,"201 - WALKER"
52,"202 - BEDFORD SPRINGS"
52,"202 - SECOND WARD SECOND PRECINCT"
52,"203 - SECOND WARD THIRD PRECINCT"
52,"204 - SECOND WARD FOURTH PRECINCT"
52,"301 - THIRD WARD FIRST PRECINCT"
52,"302 - THIRD WARD SECOND PRECINCT"
52,"303 - THIRD WARD THIRD PRECINCT"
52,"304 - THIRD WARD FOURTH PRECINCT"
52,"305 - THIRD WARD FIFTH PRECINCT"
52,"401 - FOURTH WARD FIRST PRECINCT"
52,"402 - FOURTH WARD SECOND PRECINCT"
52,"403 - FOURTH WARD THIRD PRECINCT"
52,"404 - FOURTH WARD FOURTH PRECINCT"
52,"501 - SPRING HILL"
52,"502 - YELLOW BRANCH"
53,"101 - ROCKFISH"
53,"101 - WRIGHT SHOP"
53,"102 - NEW GLASGOW"
53,"103 - COOLWELL"
53,"201 - BEDFORD CHRISTIAN CHURCH"
53,"201 - COURT HOUSE"
53,"201 - LOVINGSTON"
53,"202 - SCHUYLER"
53,"202 - STAUNTON RIVER HIGH SCHOOL"
53,"202 - TEMPERANCE"
53,"203 - EASTLAKE COMMUNITY CHURCH"
53,"301 - MONROE"
53,"301 - NEW LONDON ACADEMY"
53,"301 - SHIPMAN"
53,"302 - BEDFORD COUNTY GYM"
53,"302 - ELON"
53,"302 - GLADSTONE"
53,"303 - FOREST ALLIANCE CHURCH"
53,"303 - PLEASANT VIEW"
53,"304 - FREEDOM BAPTIST CHURCH"
53,"305 - FOREST FIRE STATION #2"
53,"401 - AMELON"
53,"401 - FOREST ELEMENTARY SCHOOL"
53,"401 - ROSELAND"
53,"402 - LONCO"
53,"402 - MONTEBELLO"
53,"402 - THOMAS JEFFERSON ELEM SCHOOL"
53,"403 - PLEASANT VIEW BAPTIST CHURCH"
53,"404 - FOREST RECREATION CENTER"
53,"501 - BIG ISLAND ELEMENTARY SCHOOL"
53,"501 - FABER"
53,"501 - MADISON"
53,"502 - NELLYSFORD"
53,"502 - SUCK SPRING BAPTIST CHURCH"
53,"503 - BOONSBORO ELEMENTARY SCHOOL"
53,"504 - BOONSBORO RURITAN CLUB"
53,"601 - MONTVALE ELEM SCHOOL"
53,"602 - SHADY GROVE FIRE DEPARTMENT"
53,"603 - BEDFORD MOOSE LODGE"
53,"604 - BEDFORD WELCOME CENTER"
53,"701 - GOODE VOL RESCUE SQUAD"
53,"702 - LIBERTY HIGH SCHOOL"
53,"703 - THAXTON BAPTIST CHURCH"
53,"704 - BEDFORD CENTRAL LIBRARY"
53,"705 - MOUNTAIN VIEW UNITED METHODIST CHURCH"
54,"101 - KEY RECREATION"
54,"101 - WOODBROOK"
54,"102 - CLARK"
54,"103 - BRANCHLANDS"
54,"104 - AGNOR-HURT"
54,"105 - DUNLORA"
54,"201 - CARVER"
54,"201 - JACK JOUETT"
54,"202 - UNIVERSITY"
54,"202 - WALKER"
54,"203 - GEORGETOWN"
54,"301 - BENJAMIN TONSLER"
54,"302 - JOHNSON"
54,"303 - BUFORD"
54,"304 - EAST IVY"
54,"305 - COUNTRY GREEN"
54,"401 - VENABLE"
54,"402 - ALUMNI HALL"
54,"405 - MOUNTAIN VIEW"
54,"407 - BISCUIT RUN"
54,"503 - HOLLYMEAD"
54,"504 - FREE BRIDGE"
54,"507 - PANTOPS"
54,"601 - CROZET"
55,"101 - GREEN SPRINGS 1"
55,"101 - ROCKFISH"
55,"101 - WOODBROOK"
55,"102 - GREEN SPRINGS 2"
55,"105 - DUNLORA"
55,"106 - NORTHSIDE"
55,"201 - JACK JOUETT"
55,"201 - LOVINGSTON"
55,"202 - LOUISA 2"
55,"202 - SCHUYLER"
55,"202 - UNIVERSITY"
55,"203 - GEORGETOWN"
55,"203 - LOUISA 3"
55,"301 - IVY"
55,"301 - PATRICK HENRY 1"
55,"302 - RED HILL"
55,"304 - EAST IVY"
55,"305 - COUNTRY GREEN"
55,"306 - PORTERS"
55,"307 - YELLOW MOUNTAIN"
55,"401 - SCOTTSVILLE"
55,"402 - MONTICELLO"
55,"406 - STONE ROBINSON"
55,"501 - FABER"
55,"501 - KESWICK"
55,"502 - NELLYSFORD"
55,"502 - STONY POINT"
55,"503 - HOLLYMEAD"
55,"506 - BAKER-BUTLER"
55,"507 - PANTOPS"
55,"601 - CROZET"
55,"602 - FREE UNION"
55,"603 - EARLYSVILLE"
55,"604 - BROWNSVILLE"
55,"606 - MECHUMS RIVER"
55,"702 - MOUNTAIN ROAD 2"
56,"101 - FARMVILLE"
56,"101 - FIFE"
56,"101 - NEW CANTON"
56,"101 - PALMYRA"
56,"101 - PRECINCT 1"
56,"101 - VERA"
56,"102 - HADENSVILLE"
56,"102 - PAMPLIN"
56,"201 - CHAP"
56,"201 - COLUMBIA"
56,"201 - LOCKETT"
56,"201 - PRECINCT 2"
56,"201 - THREE SQUARE"
56,"201 - WHITE HALL"
56,"202 - SANDY HOOK"
56,"202 - SPOUT SPRING"
56,"301 - BEAVERDAM"
56,"301 - CURDSVILLE"
56,"301 - FORK UNION"
56,"301 - LEIGH"
56,"301 - PRECINCT 3"
56,"301 - US 460"
56,"302 - NEW STORE"
56,"302 - RANDOLPH"
56,"302 - STONEWALL"
56,"401 - COURTHOUSE"
56,"401 - CUNNINGHAM"
56,"401 - MAYSVILLE"
56,"401 - PRECINCT 4"
56,"401 - SHALLOW WELL"
56,"501 - OAKVILLE"
56,"501 - PRECINCT 5"
56,"501 - RIVANNA"
56,"501 - WRIGHTS"
56,"502 - AGEE"
56,"502 - GLENMORE"
56,"601 - SLATE RIVER"
56,"602 - GEORGIA CREEK"
56,"701 - GOLD HILL"
57,"101 - COALPIT"
57,"102 - DUMBARTON"
57,"103 - GLEN ALLEN"
57,"107 - HUNGARY CREEK"
57,"108 - HUNTON"
57,"110 - LONGAN"
57,"113 - SPRINGFIELD"
57,"216 - LONGDALE"
57,"301 - CAUSEWAY"
57,"302 - CEDARFIELD"
57,"303 - COLONIAL TRAIL"
57,"304 - INNSBROOK"
57,"305 - JACKSON DAVIS"
57,"306 - NUCKOLS FARM"
57,"307 - POCAHONTAS"
57,"309 - RIVERS EDGE"
57,"310 - SADLER"
57,"311 - SHADY GROVE"
57,"312 - SHORT PUMP"
57,"313 - STONEY RUN"
57,"402 - CENTERVILLE"
57,"407 - LAUDERDALE"
57,"413 - RIDGEFIELD"
57,"419 - WEST END"
57,"501 - MANAKIN"
57,"502 - BLAIR"
58,"105 - HERMITAGE"
58,"111 - MAUDE TREVVETT"
58,"112 - MONUMENT HILLS"
58,"115 - WESTWOOD"
58,"216 - LONGDALE"
58,"302 - CEDARFIELD"
58,"305 - JACKSON DAVIS"
58,"307 - POCAHONTAS"
58,"308 - RIDGE"
58,"313 - STONEY RUN"
58,"314 - THREE CHOPT"
58,"315 - TUCKER"
58,"401 - CRESTVIEW"
58,"402 - DERBYSHIRE"
58,"403 - FREEMAN"
58,"404 - GAYTON"
58,"405 - GODWIN"
58,"406 - LAKEWOOD"
58,"408 - MAYBEURY"
58,"409 - MOORELAND"
58,"410 - PEMBERTON"
58,"411 - PINCHBECK"
58,"412 - QUIOCCASIN"
58,"414 - ROLLINGWOOD"
58,"415 - SKIPWITH"
58,"416 - SPOTTSWOOD"
58,"417 - TUCKAHOE"
58,"418 - WELBORNE"
59,"101 - ASHLAND"
59,"103 - GLEN ALLEN"
59,"104 - SLIDING HILL"
59,"105 - BERKLEY"
59,"105 - HERMITAGE"
59,"106 - KERSEY CREEK"
59,"107 - HUNGARY CREEK"
59,"108 - HONEY MEADOWS"
59,"108 - HUNTON"
59,"114 - STAPLES MILL"
59,"201 - BEAVERDAM"
59,"201 - LOUISA 1"
59,"202 - BLUNTS"
59,"202 - LOUISA 2"
59,"203 - WILMINGTON PARISH"
59,"206 - COURTHOUSE"
59,"210 - OAK HILL"
59,"214 - HUNGARY"
59,"216 - LONGDALE"
59,"219 - MOUNTAIN"
59,"222 - RANDOLPH"
59,"226 - YELLOW TAVERN"
59,"301 - PATRICK HENRY 1"
59,"302 - PATRICK HENRY 2"
59,"303 - COLONIAL TRAIL"
59,"304 - ATLEE"
59,"309 - RIVERS EDGE"
59,"310 - SADLER"
59,"311 - SHADY GROVE"
59,"401 - MINERAL"
59,"501 - CUCKOO 1"
59,"502 - CUCKOO 2"
59,"503 - CUCKOO 3"
59,"601 - JACKSON"
59,"701 - FARRINGTON"
59,"701 - MOUNTAIN ROAD 1"
59,"702 - MONTPELIER"
59,"702 - MOUNTAIN ROAD 2"
59,"703 - ROCKVILLE"
59,"704 - ELMONT"
59,"705 - SOUTH ANNA"
60,"102 - TUNSTALL"
60,"103 - SOUTHERN BRANCH"
60,"104 - SLIDING HILL"
60,"106 - KERSEY CREEK"
60,"108 - HONEY MEADOWS"
60,"201 - BEAVERDAM"
60,"201 - QUINTON"
60,"202 - KENTWOOD"
60,"206 - COURTHOUSE"
60,"208 - OAK KNOLL"
60,"301 - CLAY"
60,"301 - WATKINS"
60,"302 - CUMBERLAND"
60,"303 - SHADY GROVE"
60,"304 - ATLEE"
60,"305 - COOL SPRING"
60,"306 - RUTLAND"
60,"401 - BATTLEFIELD"
60,"403 - COLD HARBOR"
60,"404 - BLACK CREEK"
60,"405 - PEBBLE CREEK"
60,"407 - OLD CHURCH"
60,"502 - RURAL POINT"
60,"503 - NEWMAN"
60,"504 - STUDLEY"
60,"505 - TOTOPOTOMOY"
60,"506 - GEORGETOWN"
60,"507 - LAUREL MEADOW"
60,"601 - VILLAGE"
60,"602 - LEE DAVIS"
60,"603 - MECHANICSVILLE"
60,"604 - HANOVER GROVE"
60,"704 - ELMONT"
61,"101 - KETTLE RUN"
61,"101 - WASHINGTON"
61,"102 - CATLETT"
61,"103 - CASANOVA"
61,"104 - LOIS"
61,"105 - OPAL"
61,"201 - AMISSVILLE"
61,"201 - WARD 1"
61,"202 - WARD 2"
61,"203 - WARD 3"
61,"204 - WARD 4"
61,"205 - WARD 5"
61,"206 - AIRLIE"
61,"301 - MORRISVILLE"
61,"301 - SPERRYVILLE"
61,"302 - BOTHA"
61,"302 - EGGBORNSVILLE"
61,"303 - BEALETON"
61,"303 - CARDOVA"
61,"304 - REMINGTON"
61,"304 - WILLOW SHADE"
61,"401 - ELDORADO"
61,"401 - SCRABBLE"
61,"402 - BROWNS STORE"
61,"403 - WATERLOO"
61,"404 - SPRINGS VALLEY"
61,"501 - CHESTER GAP"
61,"501 - HOPEWELL"
61,"501 - JEFFERSONTON"
61,"502 - FLINT HILL"
61,"502 - NEW BALTIMORE"
61,"502 - RIXEYVILLE"
61,"503 - BROAD RUN"
61,"504 - VINT HILL"
61,"702 - BRANDY STATION"
62,"001 - OAK PARK"
62,"002 - RADIANT"
62,"003 - ROCHELLE"
62,"004 - GRAVES MILL"
62,"005 - MADISON"
62,"006 - WOLFTOWN"
62,"007 - BRIGHTWOOD"
62,"008 - CRIGLERSVILLE"
62,"009 - ETLAN"
62,"101 - DYKE"
62,"101 - ONE WEST"
62,"101 - WEST FAIRFAX"
62,"102 - ONE EAST"
62,"102 - SWIFT RUN"
62,"103 - ONE TOWN"
62,"201 - EAST FAIRFAX"
62,"201 - RUCKERSVILLE"
62,"201 - TWO WEST"
62,"301 - STANARDSVILLE"
62,"301 - THREE WEST"
62,"302 - STANARDSVILLE TOWN"
62,"303 - CARDOVA"
62,"303 - THREE TOWN"
62,"304 - WILLOW SHADE"
62,"401 - ELDORADO"
62,"401 - MIDWAY"
62,"402 - BROWNS STORE"
62,"502 - FIVE NORTH"
62,"601 - MITCHELLS"
62,"602 - PEARL SAMPLE"
62,"603 - SOUTH RIDGE"
62,"702 - BRANDY STATION"
62,"703 - LIGNUM"
62,"704 - RICHARDSVILLE"
63,"101 - PARTLOW RURITAN"
63,"103 - JOHN J WRIGHT"
63,"201 - WILDERNESS ELEMENTARY"
63,"202 - FIRE RESCUE 7"
63,"202 - TWO EAST"
63,"203 - NI RIVER MIDDLE"
63,"204 - CHANCELLOR ELEMENTARY"
63,"302 - THREE EAST"
63,"303 - RIVERBEND HIGH"
63,"401 - FOUR WEST"
63,"402 - FOUR EAST"
63,"501 - BELMONT RURITAN"
63,"501 - FIVE SOUTH"
63,"502 - FIRE RESCUE 2"
63,"502 - FIVE NORTH"
63,"503 - SPOTSYLVANIA HIGH"
63,"504 - PUBLIC SAFETY"
63,"505 - BROCK ROAD ELEMENTARY"
63,"601 - BATTLEFIELD ELEMENTARY"
63,"602 - SMITH STATION ELEMENTARY"
63,"603 - CHANCELLOR HIGH"
63,"604 - COURTHOUSE ROAD ELEMENTARY"
63,"703 - LEES PARKE"
63,"704 - COURTLAND ELEMENTARY"
64,"101 - HARTWOOD"
64,"102 - SIMPSON"
64,"103 - COLLEGE"
64,"104 - WESTLAKE"
64,"106 - FORGE"
64,"201 - ROCK HILL"
64,"202 - ROSEVILLE"
64,"203 - RUBY"
64,"204 - STEFANIGA"
64,"205 - MOUNT ARARAT"
64,"301 - STAFFORDBORO"
64,"302 - WIDEWATER"
64,"303 - BARRETT HEIGHTS"
64,"304 - AQUIA EPISCOPAL"
64,"305 - GRIFFIS"
64,"401 - COURTHOUSE"
64,"402 - BROOKE"
64,"403 - HARBOUR"
64,"404 - GOVERNMENT ISLAND"
64,"405 - HOPE"
64,"505 - ESKIMO HILL"
64,"605 - MELCHERS"
64,"701 - PARK RIDGE"
64,"702 - WHITSON"
64,"703 - HAMPTON"
64,"704 - POOLE"
65,"101 - HARTWOOD"
65,"101 - PRECINCT 1 - DISTRICT ONE"
65,"103 - JOHN J WRIGHT"
65,"104 - MASSAPONAX HIGH"
65,"105 - ROCKY RUN"
65,"201 - PRECINCT 1 - DISTRICT TWO"
65,"202 - FIRE RESCUE 7"
65,"203 - NI RIVER MIDDLE"
65,"204 - CHANCELLOR ELEMENTARY"
65,"301 - PRECINCT 1 - DISTRICT THREE"
65,"301 - SALEM ELEMENTARY"
65,"302 - SALEM LIBRARY"
65,"303 - RIVERBEND HIGH"
65,"304 - KNIGHTS OF PYTHIAS"
65,"401 - COSNER PARK"
65,"401 - PRECINCT 1 - DISTRICT FOUR"
65,"402 - GERMANNA CAMPUS"
65,"402 - PRECINCT 2 - DISTRICT FOUR"
65,"403 - LEE HILL ELEMENTARY"
65,"404 - FIRE RESCUE 11"
65,"501 - GRAFTON"
65,"502 - FALMOUTH"
65,"503 - DREW"
65,"504 - GAYLE"
65,"505 - BROCK ROAD ELEMENTARY"
65,"505 - ESKIMO HILL"
65,"601 - BATTLEFIELD ELEMENTARY"
65,"601 - FERRY FARM"
65,"602 - CHATHAM"
65,"602 - SMITH STATION ELEMENTARY"
65,"603 - CHANCELLOR HIGH"
65,"603 - WHITE OAK"
65,"604 - ENGLAND RUN"
65,"605 - MELCHERS"
65,"702 - EASTLAND CHURCH"
65,"704 - COURTLAND ELEMENTARY"
66,"101 - BOWLING GREEN"
66,"101 - PARTLOW RURITAN"
66,"102 - BLAYDES CORNER"
66,"102 - SPARTA"
66,"103 - JOHN J WRIGHT"
66,"104 - MASSAPONAX HIGH"
66,"201 - NORTH MADISON"
66,"202 - SOUTH MADISON"
66,"302 - SALEM LIBRARY"
66,"302 - WOODFORD"
66,"303 - WRIGHTS CHAPEL"
66,"401 - COSNER PARK"
66,"401 - DAWN"
66,"402 - CARMEL CHURCH"
66,"402 - GERMANNA CAMPUS"
66,"403 - LEE HILL ELEMENTARY"
66,"404 - FIRE RESCUE 11"
66,"501 - WEST MATTAPONI"
66,"502 - FIRE RESCUE 2"
66,"502 - MILFORD"
66,"503 - SPOTSYLVANIA HIGH"
66,"504 - PUBLIC SAFETY"
66,"601 - CHILESBURG"
66,"602 - LAKE"
66,"604 - COURTHOUSE ROAD ELEMENTARY"
66,"701 - SPOTSWOOD ELEMENTARY"
66,"702 - EASTLAND CHURCH"
66,"703 - LEES PARKE"
66,"704 - COURTLAND ELEMENTARY"
67,"101 - 1A"
67,"101 - BOWLING GREEN"
67,"101 - COURTHOUSE"
67,"101 - PRECINCT 1-1"
67,"102 - PASSAPATANZY"
67,"102 - PRECINCT 1-2"
67,"102 - SPARTA"
67,"201 - 2A"
67,"201 - MONROE"
67,"201 - PRECINCT 2-1"
67,"202 - PRECINCT 2-2"
67,"202 - SOUTH MADISON"
67,"301 - 3A"
67,"301 - DAHLGREN"
67,"301 - PORT ROYAL"
67,"301 - PRECINCT 3-1"
67,"302 - PRECINCT 3-2"
67,"302 - WOODFORD"
67,"401 - 4A"
67,"401 - DAWN"
67,"401 - PRECINCT 4-1"
67,"401 - SHILOH"
67,"501 - 5A"
67,"501 - PRECINCT 5-1"
67,"502 - MILFORD"
67,"502 - PRECINCT 5-2"
68,"001 - CHESAPEAKE"
68,"002 - WESTVILLE"
68,"003 - PIANKATANK"
68,"101 - GREATER TAPPAHANNOCK"
68,"101 - HARCUM"
68,"101 - OWENTON"
68,"101 - SALUDA"
68,"101 - WEST POINT"
68,"102 - SALEM"
68,"102 - URBANNA"
68,"103 - PEASLEY"
68,"201 - CLARKS"
68,"201 - COURTHOUSE"
68,"201 - NEW MARKET"
68,"201 - NORTH"
68,"201 - SWEET HALL"
68,"202 - BOTETOURT"
68,"202 - COURTHOUSE"
68,"301 - AYLETT"
68,"301 - SHACKLEFORDS"
68,"301 - SOUTH"
68,"301 - WHITE MARSH"
68,"302 - CHURCH VIEW"
68,"302 - ROANES"
68,"401- HARMONY VILLAGE"
68,"401 - CENTRAL"
68,"401 - COURTHOUSE"
68,"401 - HAYES"
68,"401 - MANQUIN"
68,"402 - SARAHS CREEK"
68,"501 - ACHILLES"
68,"501 - MANGOHICK"
68,"501 - OLDMILL"
68,"501 - WILTON"
68,"502 - WALKER"
69,"101 - BERKELEY A"
69,"101 - QUEENS LAKE"
69,"102 - WALLER MILL"
69,"103 - BERKELEY C"
69,"103 - MAGRUDER"
69,"104 - BERKELEY D"
69,"106 - RESERVOIR"
69,"108 - KATHERINE JOHNSON"
69,"110 - GREENWOOD"
69,"202 - JAMESTOWN B"
69,"202 - KILN CREEK"
69,"211 - PALMER"
69,"301 - POWHATAN A"
69,"301 - SEAFORD"
69,"302 - YORKTOWN"
69,"303 - EDGEHILL"
69,"313 - REED"
69,"401 - HARWOODS MILL"
69,"401 - HAYES"
69,"401 - STONEHOUSE A"
69,"402 - DARE"
69,"402 - SARAHS CREEK"
69,"403 - GRAFTON"
69,"501 - ACHILLES"
69,"501 - ROBERTS A"
69,"502 - ROBERTS B"
69,"502 - WALKER"
69,"503 - ROBERTS C"
70,"101 - DENBIGH"
70,"102 - STONEY RUN"
70,"104 - MCINTOSH"
70,"106 - RESERVOIR"
70,"107 - RICHNECK"
70,"109 - WINDSOR"
70,"110 - GREENWOOD"
70,"111 - STONEYBROOK"
70,"112 - KNOLLWOOD MEADOWS"
70,"113 - SANFORD"
70,"201 - BLAND"
70,"202 - BOULEVARD"
70,"203 - CHARLES"
70,"204 - MARINERS' MUSEUM"
70,"205 - DEEP CREEK"
70,"208 - HIDENWOOD"
70,"211 - PALMER"
70,"212 - RIVERSIDE"
70,"216 - YATES"
70,"217 - RIVERVIEW"
70,"218 - KILN CREEK"
70,"219 - DEER PARK"
70,"220 - JENKINS"
70,"315 - SEDGEFIELD"
70,"320 - WATKINS"
71,"001 - STRYKER"
71,"002 - MATOAKA"
71,"101 - BERKELEY A"
71,"102 - BERKELEY B"
71,"103 - BERKELEY C"
71,"104 - BERKELEY D"
71,"201 - JAMESTOWN A"
71,"202 - JAMESTOWN B"
71,"203 - JAMESTOWN C"
71,"204 - JAMESTOWN D"
71,"301 - POWHATAN A"
71,"301 - WATKINS"
71,"302 - CUMBERLAND"
71,"302 - POWHATAN B"
71,"303 - POWHATAN C"
71,"304 - POWHATAN D"
71,"401 - PROVIDENCE FORGE"
71,"401 - STONEHOUSE A"
71,"402 - STONEHOUSE B"
71,"403 - MOUNTCASTLE"
71,"403 - STONEHOUSE C"
71,"501 - ELTHAM"
71,"501 - ROBERTS A"
71,"502 - CHICKAHOMINY RIVER"
71,"502 - ROBERTS B"
71,"503 - ROBERTS C"
72,"101 - NUMBER ONE"
72,"101 - PRECINCT 1-1"
72,"101 - SUBLETTS"
72,"102 - MANAKIN"
72,"102 - PRECINCT 1-2"
72,"103 - FLAT ROCK"
72,"108 - ECOFF"
72,"201 - NUMBER TWO"
72,"201 - POWHATAN STATION"
72,"201 - PRECINCT 2-1"
72,"202 - GRACELAND"
72,"202 - PRECINCT 2-2"
72,"218 - NEW MANCHESTER"
72,"301 - BETHESDA"
72,"301 - NUMBER THREE"
72,"301 - PRECINCT 3-1"
72,"302 - LEE'S LANDING"
72,"302 - PRECINCT 3-2"
72,"306 - WINTERPOCK"
72,"319 - MAGNOLIA"
72,"401 - NUMBER FOUR"
72,"401 - POWHATAN COURTHOUSE"
72,"401 - PRECINCT 4-1"
72,"402 - GENITO"
72,"402 - MT ZION"
72,"402 - PRECINCT 4-2"
72,"415 - EVERGREEN"
72,"501 - NUMBER FIVE"
72,"501 - PRECINCT 5-1"
72,"501 - SMITH CROSS ROADS"
72,"502 - PINEVILLE"
72,"503 - TOBACCOVILLE"
72,"504 - ROBIOUS"
72,"507 - SALISBURY"
72,"508 - BELGRADE"
72,"509 - CRANBECK"
72,"510 - SYCAMORE"
72,"511 - BLACK HEATH"
72,"514 - WATKINS"
72,"518 - MIDLOTHIAN NORTH"
72,"520 - WALTON PARK"
73,"204 - JACOBS"
73,"212 - ST. LUKE'S"
73,"302 - DEER RUN"
73,"306 - WINTERPOCK"
73,"307 - COSBY"
73,"308 - SOUTH MANCHESTER"
73,"309 - SKINQUARTER"
73,"313 - WOOLRIDGE SOUTH"
73,"316 - SPRING RUN"
73,"317 - BIRKDALE"
73,"318 - WEST BEACH"
73,"319 - MAGNOLIA"
73,"320 - DRY CREEK"
73,"401 - HARBOUR POINTE"
73,"402 - GENITO"
73,"403 - BRANDERMILL"
73,"406 - SMOKETREE"
73,"407 - MONACAN"
73,"411 - SWIFT CREEK"
73,"412 - CLOVER HILL"
73,"414 - CRENSHAW"
73,"415 - EVERGREEN"
73,"416 - EVERGREEN WEST"
73,"417 - EDGEWATER"
73,"418 - WOOLRIDGE NORTH"
73,"419 - NORTH COURTHOUSE"
73,"420 - NEW TOMAHAWK"
73,"503 - MIDLOTHIAN"
73,"507 - SALISBURY"
73,"508 - BELGRADE"
73,"510 - SYCAMORE"
73,"514 - WATKINS"
73,"517 - ROSELAND"
73,"520 - WALTON PARK"
74,"001 - FIRST"
74,"002 - SECOND"
74,"003 - THIRD"
74,"004 - FOURTH"
74,"005 - FIFTH"
74,"104 - NORTH CHESTER"
74,"106 - HARROWGATE"
74,"107 - WELLS"
74,"109 - ELIZABETH SCOTT"
74,"111 - IRON BRIDGE"
74,"112 - CARVER"
74,"113 - IRON BRIDGE NORTH"
74,"114 - HAPPY HILL"
74,"201 - GATES"
74,"203 - BIRD"
74,"210 - FIVE FORKS"
74,"211 - NASH"
74,"212 - ST. LUKE'S"
74,"219 - GATES EAST"
74,"301 - ETTRICK"
74,"302 - DEER RUN"
74,"303 - MATOACA"
74,"304 - WINFREES STORE"
74,"305 - BEACH"
74,"306 - WINTERPOCK"
74,"307 - COSBY"
74,"308 - SOUTH MANCHESTER"
74,"309 - SKINQUARTER"
74,"313 - WOOLRIDGE SOUTH"
74,"314 - LONGHOUSE"
74,"315 - BAILEY BRIDGE"
74,"316 - SPRING RUN"
74,"317 - BIRKDALE"
74,"318 - WEST BEACH"
74,"319 - MAGNOLIA"
74,"320 - DRY CREEK"
74,"407 - MONACAN"
74,"408 - REAMS"
74,"412 - CLOVER HILL"
74,"415 - EVERGREEN"
74,"501 - HUGUENOT"
74,"517 - ROSELAND"
75,"101 - WARD ONE"
75,"102 - SOUTH CHESTER"
75,"103 - ENON"
75,"104 - NORTH CHESTER"
75,"104 - RIVES"
75,"106 - HARROWGATE"
75,"107 - WELLS"
75,"108 - ECOFF"
75,"109 - ELIZABETH SCOTT"
75,"110 - DUTCH GAP"
75,"113 - IRON BRIDGE NORTH"
75,"114 - HAPPY HILL"
75,"201 - BLAND"
75,"201 - WARD TWO"
75,"202 - BLACKWATER"
75,"204 - COURTS BLDG"
75,"205 - JEFFERSON PARK"
75,"301 - WARD THREE"
75,"401 - WARD FOUR"
75,"501 - WARD FIVE"
75,"601 - WARD SIX"
75,"701 - WARD SEVEN"
76,"202 - BEULAH"
76,"203 - BIRD"
76,"204 - JACOBS"
76,"205 - FALLING CREEK"
76,"206 - BELMONT"
76,"207 - CHIPPENHAM"
76,"208 - MEADOWBROOK"
76,"209 - SALEM CHURCH"
76,"210 - FIVE FORKS"
76,"212 - ST. LUKE'S"
76,"213 - SOUTHSIDE"
76,"217 - POCOSHOCK SOUTH"
76,"218 - NEW MANCHESTER"
76,"219 - GATES EAST"
76,"220 - FALLING CREEK EAST"
76,"304 - WINFREES STORE"
76,"313 - WOOLRIDGE SOUTH"
76,"402 - GENITO"
76,"404 - PROVIDENCE"
76,"405 - LA PRADE"
76,"406 - SMOKETREE"
76,"410 - WAGSTAFF"
76,"414 - CRENSHAW"
76,"515 - DAVIS"
76,"516 - POCOSHOCK NORTH"
77,"206 - BELMONT"
77,"210 - FIVE FORKS"
77,"402 - FOUR HUNDRED TWO"
77,"404 - FOUR HUNDRED FOUR"
77,"404 - PROVIDENCE"
77,"407 - MONACAN"
77,"408 - REAMS"
77,"412 - FOUR HUNDRED TWELVE"
77,"413 - SHENANDOAH"
77,"419 - NORTH COURTHOUSE"
77,"501 - HUGUENOT"
77,"502 - CRESTWOOD"
77,"505 - BON AIR"
77,"506 - GREENFIELD"
77,"509 - CRANBECK"
77,"509 - FIVE HUNDRED NINE"
77,"510 - SYCAMORE"
77,"513 - BEAUFONT"
77,"515 - DAVIS"
77,"519 - BUFORD"
77,"609 - SIX HUNDRED NINE"
77,"810 - EIGHT HUNDRED TEN"
77,"811 - EIGHT HUNDRED ELEVEN"
77,"812 - EIGHT HUNDRED TWELVE"
77,"814 - EIGHT HUNDRED FOURTEEN"
77,"902 - NINE HUNDRED TWO"
77,"903 - NINE HUNDRED THREE"
77,"908 - NINE HUNDRED EIGHT"
77,"909 - NINE HUNDRED NINE"
77,"910 - NINE HUNDRED TEN"
77,"911 - NINE HUNDRED ELEVEN"
78,"101 - ONE HUNDRED ONE"
78,"102 - ONE HUNDRED TWO"
78,"104 - ONE HUNDRED FOUR"
78,"105 - ONE HUNDRED FIVE"
78,"106 - ONE HUNDRED SIX"
78,"111 - ONE HUNDRED ELEVEN"
78,"112 - ONE HUNDRED TWELVE"
78,"113 - ONE HUNDRED THIRTEEN"
78,"114 - ONE HUNDRED FOURTEEN"
78,"115 - ONE HUNDRED FIFTEEN"
78,"204 - TWO HUNDRED FOUR"
78,"206 - TWO HUNDRED SIX"
78,"207 - TWO HUNDRED SEVEN"
78,"208 - TWO HUNDRED EIGHT"
78,"213 - TWO HUNDRED THIRTEEN"
78,"214 - TWO HUNDRED FOURTEEN"
78,"215 - TWO HUNDRED FIFTEEN"
78,"216 - TWO HUNDRED SIXTEEN"
78,"304 - THREE HUNDRED FOUR"
78,"305 - THREE HUNDRED FIVE"
78,"306 - THREE HUNDRED SIX"
78,"307 - THREE HUNDRED SEVEN"
78,"308 - THREE HUNDRED EIGHT"
78,"309 - THREE HUNDRED NINE"
78,"310 - THREE HUNDRED TEN"
78,"311 - THREE HUNDRED ELEVEN"
78,"409 - FOUR HUNDRED NINE"
78,"410 - FOUR HUNDRED TEN"
78,"413 - FOUR HUNDRED THIRTEEN"
78,"414 - FOUR HUNDRED FOURTEEN"
78,"415 - FOUR HUNDRED FIFTEEN"
78,"501 - FIVE HUNDRED ONE"
78,"503 - FIVE HUNDRED THREE"
78,"504 - FIVE HUNDRED FOUR"
78,"505 - FIVE HUNDRED FIVE"
78,"607 - SIX HUNDRED SEVEN"
78,"706 - SEVEN HUNDRED SIX"
78,"707 - SEVEN HUNDRED SEVEN"
78,"903 - NINE HUNDRED THREE"
78,"908 - NINE HUNDRED EIGHT"
79,"208 - ESSEX VILLAGE"
79,"213 - TWO HUNDRED THIRTEEN"
79,"216 - TWO HUNDRED SIXTEEN"
79,"301 - THREE HUNDRED ONE"
79,"302 - THREE HUNDRED TWO"
79,"303 - THREE HUNDRED THREE"
79,"304 - THREE HUNDRED FOUR"
79,"305 - THREE HUNDRED FIVE"
79,"306 - THREE HUNDRED SIX"
79,"310 - THREE HUNDRED TEN"
79,"402 - FOUR HUNDRED TWO"
79,"508 - FIVE HUNDRED EIGHT"
79,"510 - FIVE HUNDRED TEN"
79,"602 - SIX HUNDRED TWO"
79,"603 - SIX HUNDRED THREE"
79,"604 - SIX HUNDRED FOUR"
79,"606 - SIX HUNDRED SIX"
79,"609 - SIX HUNDRED NINE"
79,"610 - SIX HUNDRED TEN"
79,"611 - SIX HUNDRED ELEVEN"
79,"701 - SEVEN HUNDRED ONE"
79,"702 - SEVEN HUNDRED TWO"
79,"703 - SEVEN HUNDRED THREE"
79,"705 - SEVEN HUNDRED FIVE"
79,"706 - SEVEN HUNDRED SIX"
79,"707 - SEVEN HUNDRED SEVEN"
79,"708 - SEVEN HUNDRED EIGHT"
79,"709 - SEVEN HUNDRED NINE"
79,"802 - EIGHT HUNDRED TWO"
79,"806 - EIGHT HUNDRED SIX"
79,"811 - EIGHT HUNDRED ELEVEN"
79,"903 - NINE HUNDRED THREE"
79,"910 - NINE HUNDRED TEN"
79,"911 - NINE HUNDRED ELEVEN"
80,"101 - COALPIT"
80,"102 - DUMBARTON"
80,"103 - GLEN ALLEN"
80,"104 - GREENDALE"
80,"105 - HERMITAGE"
80,"106 - HOLLADAY"
80,"109 - JOHNSON"
80,"111 - MAUDE TREVVETT"
80,"115 - WESTWOOD"
80,"201 - AZALEA"
80,"202 - BELMONT"
80,"203 - BROOKLAND"
80,"204 - CANTERBURY"
80,"205 - CENTRAL GARDENS"
80,"206 - CHAMBERLAYNE"
80,"207 - EASTBOURNE"
80,"208 - ESSEX VILLAGE"
80,"209 - FAIRFIELD"
80,"210 - GLEN LEA"
80,"211 - GREENWOOD"
80,"212 - HIGHLAND GARDENS"
80,"213 - HOLLYBROOK"
80,"214 - HUNGARY"
80,"215 - LAKESIDE"
80,"216 - LONGDALE"
80,"217 - MAPLEWOOD"
80,"218 - MOODY"
80,"219 - MOUNTAIN"
80,"220 - NORTH PARK"
80,"221 - OAKVIEW"
80,"223 - RATCLIFFE"
80,"224 - STRATFORD HALL"
80,"225 - WILDER"
80,"315 - TUCKER"
80,"407 - LAUDERDALE"
80,"501 - ADAMS"
80,"503 - CEDAR FORK"
80,"514 - PLEASANTS"
80,"519 - WHITLOCKS"
81,"101 - BELLWOOD"
81,"101 - PRECINCT 1-1"
81,"105 - DREWRYS BLUFF"
81,"111 - MAUDE TREVVETT"
81,"201 - PRECINCT 2-1"
81,"205 - FALLING CREEK"
81,"207 - EASTBOURNE"
81,"209 - FAIRFIELD"
81,"209 - SALEM CHURCH"
81,"210 - GLEN LEA"
81,"217 - MAPLEWOOD"
81,"220 - FALLING CREEK EAST"
81,"220 - NORTH PARK"
81,"301 - PRECINCT 3-1"
81,"501 - ADAMS"
81,"502 - ANTIOCH"
81,"503 - CEDAR FORK"
81,"504 - CHICKAHOMINY"
81,"505 - DONAHOE"
81,"506 - DOREY"
81,"507 - EANES"
81,"508 - ELKO"
81,"509 - HIGHLAND SPRINGS"
81,"510 - LABURNUM"
81,"511 - MEHFOUD"
81,"512 - MONTROSE"
81,"513 - NINE MILE"
81,"514 - PLEASANTS"
81,"515 - ROLFE"
81,"516 - SANDSTON"
81,"517 - SULLIVANS"
81,"518 - TOWN HALL"
81,"519 - WHITLOCKS"
82,"101 - FIRST WARD FIRST PRECINCT"
82,"101 - RICHARD BLAND"
82,"101 - SURRY"
82,"101 - WHITE OAK"
82,"102 - ROCKY RUN"
82,"102 - TEMPLETON"
82,"103 - CHURCH ROAD"
82,"103 - UNION BRANCH"
82,"104 - RIVES"
82,"105 - HARRISON"
82,"201 - BACONS CASTLE"
82,"201 - BLAND"
82,"201 - ROHOIC"
82,"201 - SECOND WARD FIRST PRECINCT"
82,"202 - BLACKWATER"
82,"202 - SUTHERLAND"
82,"203 - BRANDON"
82,"204 - COURTS BLDG"
82,"205 - JEFFERSON PARK"
82,"301 - DENDRON"
82,"301 - REAMS"
82,"301 - THIRD WARD FIRST PRECINCT"
82,"302 - NEW HOPE"
82,"303 - LITTLE ZION"
82,"401 - CARSLEY"
82,"401 - DINWIDDIE"
82,"401 - FOURTH WARD FIRST PRECINCT"
82,"402 - MCKENNEY"
82,"403 - CHERRY HILL"
82,"501 - CLAREMONT"
82,"501 - EDGEHILL"
82,"501 - FIFTH WARD FIRST PRECINCT"
82,"502 - CHESDIN"
82,"502 - SPRING GROVE"
82,"601 - SIXTH WARD FIRST PRECINCT"
82,"701 - SEVENTH WARD FIRST PRECINCT"
83,"101 - BERLIN"
83,"101 - BRODNAX"
83,"101 - PAGAN RIVER"
83,"101 - PRECINCT 1-1"
83,"101 - PRECINCT 1-A"
83,"101 - WAVERLY"
83,"102 - CYPRESS CREEK A"
83,"102 - IVOR"
83,"102 - PRECINCT 1-B"
83,"102 - ROCK STORE"
83,"103 - PRECINCT 1-C"
83,"103 - TILLMAN"
83,"201 - BARTLETT"
83,"201 - BOYKINS - BRANCHVILLE"
83,"201 - DROMGOOLE"
83,"201 - PRECINCT 2-1"
83,"201 - PRECINCT 2-A"
83,"201 - STONY CREEK"
83,"202 - EDGERTON"
83,"202 - NIKE PARK A"
83,"202 - PRECINCT 2-B"
83,"203 - FITZHUGH"
83,"301 - ALBERTA"
83,"301 - CAPRON-DREWRYVILLE"
83,"301 - COURTHOUSE"
83,"301 - PRECINCT 3-1"
83,"301 - RUSHMERE"
83,"302 - DANIELTOWN"
83,"302 - NEWVILLE ONE"
83,"302 - PONS"
83,"302 - PRECINCT 3-A"
83,"302 - SEBRELL"
83,"303 - BENNS CHURCH"
83,"303 - ELMORE"
83,"303 - LITTLE ZION"
83,"304 - NEW TOWNE"
83,"304 - SEYMOUR"
83,"401 - BOWLING GREEN"
83,"401 - DINWIDDIE"
83,"401 - PRECINCT 4-1"
83,"401 - PRECINCT 4-A"
83,"401 - STURGEON"
83,"401 - WAKEFIELD FIREHOUSE"
83,"402 - KING'S STORE"
83,"402 - MCKENNEY"
83,"402 - PRECINCT 4-B"
83,"403 - CEDAR GROVE"
83,"403 - CHERRY HILL"
83,"403 - PRECINCT 4-C"
83,"501 - DARDEN MILL"
83,"501 - HENRY"
83,"501 - PRECINCT 5-1"
83,"501 - TOTARO"
83,"502 - FAIRGROUNDS"
83,"503 - FIRE TOWER"
83,"504 - BETHANY CHURCH"
83,"601 - BLACKWATER"
83,"601 - COURTLAND"
83,"601 - DISTRICT 6"
83,"602 - SEDLEY"
83,"602 - WAKEFIELD"
83,"701 - BLACKWATER RIVER"
83,"701 - DISTRICT 7"
83,"701 - YALE"
83,"702 - NEWSOMS"
84,"101 - BELLEHARBOUR"
84,"101 - PAGAN RIVER"
84,"101 - PRECINCT 1-1"
84,"102 - CYPRESS CREEK A"
84,"102 - DRIVER"
84,"103 - CYPRESS CREEK B"
84,"104 - BENNETTS CREEK"
84,"105 - HARBOURVIEW"
84,"201 - EBENEZER"
84,"201 - PRECINCT 2-1"
84,"202 - CHUCKATUCK"
84,"203 - KINGS FORK"
84,"203 - NIKE PARK B"
84,"204 - HILLPOINT"
84,"301 - PRECINCT 3-1"
84,"301 - RUSHMERE"
84,"302 - JOHN F KENNEDY"
84,"303 - BENNS CHURCH"
84,"304 - NANSEMOND RIVER"
84,"305 - SHOULDERS HILL"
84,"306 - DEERFIELD"
84,"401 - AIRPORT"
84,"401 - BOWLING GREEN"
84,"401 - PRECINCT 4-1"
84,"402 - WHALEYVILLE"
84,"402 - WINDSOR"
84,"403 - SOUTHSIDE"
84,"404 - BOOKER T WASHINGTON"
84,"405 - HOLLYWOOD"
84,"501 - KILBYS MILL"
84,"501 - PRECINCT 5-1"
84,"501 - WALTERS"
84,"502 - BEAVER DAM"
84,"504 - LAKE COHOON"
84,"601 - LAKESIDE"
84,"601 - PRECINCT 6-1"
84,"602 - OLDE TOWNE"
84,"603 - ELEPHANTS FORK/WESTHAVEN"
84,"604 - WILROY"
84,"605 - MACK BENN JR."
84,"703 - PUGHSVILLE"
84,"704 - BURBAGE GRANT"
84,"706 - HUNTERSVILLE"
85,"101 - DENBIGH"
85,"102 - STONEY RUN"
85,"106 - RESERVOIR"
85,"107 - RICHNECK"
85,"109 - WINDSOR"
85,"111 - STONEYBROOK"
85,"112 - KNOLLWOOD MEADOWS"
85,"201 - BLAND"
85,"202 - BOULEVARD"
85,"205 - DEEP CREEK"
85,"211 - PALMER"
85,"216 - YATES"
85,"218 - KILN CREEK"
85,"219 - DEER PARK"
85,"302 - BRIARFIELD"
85,"303 - CARVER"
85,"304 - CHESTNUT"
85,"305 - DOWNTOWN"
85,"307 - HUNTINGTON"
85,"308 - JEFFERSON"
85,"309 - MAGRUDER"
85,"310 - MARSHALL"
85,"311 - NEWMARKET"
85,"312 - NEWSOME PARK"
85,"313 - REED"
85,"314 - RIVER"
85,"315 - SEDGEFIELD"
85,"316 - SOUTH MORRISON"
85,"317 - WASHINGTON"
85,"318 - WILSON"
85,"319 - SAUNDERS"
85,"320 - WATKINS"
85,"321 - HILTON"
85,"322 - WARWICK"
86,"001 - CENTRAL"
86,"002 - EASTERN"
86,"003 - WESTERN"
86,"104 - COOPER"
86,"105 - EAST HAMPTON"
86,"110 - PHOEBUS"
86,"112 - SMITH"
86,"116 - JONES"
86,"117 - KECOUGHTAN"
86,"201 - BOOKER"
86,"201 - COVENTRY"
86,"202 - BRYAN"
86,"203 - BURBANK"
86,"205 - ASBURY"
86,"208 - KRAFT"
86,"209 - LANGLEY"
86,"210 - MACHEN"
86,"213 - PHILLIPS"
86,"215 - TYLER"
86,"217 - SYMS"
86,"401 - HARWOODS MILL"
86,"501 - TABB"
86,"502 - BETHEL"
87,"101 - ABERDEEN"
87,"102 - BASSETTE"
87,"103 - CITY HALL"
87,"104 - COOPER"
87,"105 - EAST HAMPTON"
87,"106 - ARMSTRONG"
87,"107 - LINDSAY"
87,"108 - THOMAS"
87,"109 - PHENIX"
87,"111 - HAMPTON LIBRARY"
87,"112 - SMITH"
87,"115 - WYTHE"
87,"117 - KECOUGHTAN"
87,"118 - MALLORY"
87,"203 - BURBANK"
87,"204 - FORREST"
87,"208 - KRAFT"
87,"209 - LANGLEY"
87,"210 - MACHEN"
87,"212 - BETHEL"
87,"214 - TUCKER CAPPS"
87,"216 - SANDY BOTTOM"
88,"001 - EMANUEL A. M. E. CHURCH"
88,"005 - CHARLES A. FISHER MEMORIAL ACADEMY"
88,"007 - PARK VIEW ELEMENTARY SCHOOL"
88,"009 - THIRD BAPTIST CHURCH"
88,"010 - MOUNT HERMON PRESCHOOL CENTER"
88,"011 - JOSEPH E. PARKER RECREATION CENTER"
88,"013 - ST. MARK MISSIONARY BAPTIST CHURCH"
88,"014 - BRIGHTON ELEMENTARY SCHOOL"
88,"016 - CRADOCK MIDDLE SCHOOL"
88,"017 - VICTORY LIFE FELLOWSHIP"
88,"019 - VICTORY ELEMENTARY SCHOOL"
88,"020 - NOBLE STREET BAPTIST CHURCH"
88,"021 - JOHN F. KENNEDY COMMUNITY CENTER"
88,"022 - ST. MARK DELIVERANCE CENTER"
88,"023 - WESTHAVEN BAPTIST CHURCH"
88,"024 - THE SENIOR STATION"
88,"025 - WATERVIEW ELEMENTARY SCHOOL"
88,"027 - CAVALIER MANOR RECREATION CENTER"
88,"029 - MANOR HIGH SCHOOL"
88,"030 - THE RESCUE CHURCH"
88,"031 - WEST PARK CHURCH OF CHRIST"
88,"032 - HODGES MANOR ELEMENTARY SCHOOL"
88,"033 - PINECREST BAPTIST CHURCH"
88,"034 - CHURCHLAND BRANCH LIBRARY"
88,"035 - CHURCHLAND ELEMENTARY SCHOOL"
88,"036 - CHURCHLAND HIGH SCHOOL"
88,"037 - CHURCHLAND MIDDLE SCHOOL"
88,"038 - GROVE BAPTIST CHURCH"
88,"039 - CHURCHLAND PRIMARY AND INTERMEDIATE SCHOOL"
89,"004 - CHURCHLAND"
89,"006 - DEEP CREEK"
89,"009 - BELLS MILL"
89,"014 - GRASSFIELD"
89,"019 - JOLLIFF"
89,"020 - E W CHITTUM"
89,"021 - FELLOWSHIP"
89,"027 - SILVERWOOD"
89,"028 - SUNRAY I"
89,"035 - TAYLOR ROAD"
89,"038 - BAILEY CREEK"
89,"039 - LAKE DRUMMOND"
89,"041 - JOHN T WEST"
89,"043 - PLEASANT CROSSING"
89,"044 - NANSEMOND"
89,"046 - BELLS MILL II"
89,"051 - COOPERS WAY"
89,"052 - SHIPYARD ROAD"
89,"054 - PUGHSVILLE"
89,"064 - DEEP CREEK II"
89,"105 - HARBOURVIEW"
89,"204 - HILLPOINT"
89,"301 - WHITE MARSH"
89,"302 - JOHN F KENNEDY"
89,"304 - NANSEMOND RIVER"
89,"305 - SHOULDERS HILL"
89,"401 - AIRPORT"
89,"402 - WHALEYVILLE"
89,"405 - HOLLYWOOD"
89,"501 - KILBYS MILL"
89,"502 - HOLLAND"
89,"504 - LAKE COHOON"
89,"505 - PITTMANTOWN"
89,"604 - WILROY"
89,"605 - MACK BENN JR."
89,"706 - HUNTERSVILLE"
90,"001 - GREAT BRIDGE"
90,"002 - BETHEL"
90,"007 - GREENBRIER"
90,"009 - BELLS MILL"
90,"014 - GRASSFIELD"
90,"016 - HICKORY GROVE"
90,"017 - INDIAN CREEK"
90,"023 - OAK GROVE"
90,"033 - WESTOVER"
90,"034 - HICKORY MIDDLE SCHOOL"
90,"036 - GREAT BRIDGE BAPTIST CHURCH"
90,"037 - BRIDGETOWN"
90,"041 - JOHN T WEST"
90,"043 - PLEASANT CROSSING"
90,"046 - BELLS MILL II"
90,"049 - WATERWAY"
90,"050 - RIVER WALK"
90,"051 - COOPERS WAY"
90,"053 - FAIRWAYS"
90,"056 - GREEN TREE"
90,"057 - CYPRESS"
90,"058 - EXPRESSWAY"
90,"059 - CLEARFIELD"
90,"060 - PARKER ROAD"
90,"061 - CENTERVILLE"
90,"062 - FENTRESS"
90,"063 - POPLAR BRANCH"
90,"064 - DEEP CREEK II"
90,"065 - WATERWAY II"
90,"066 - FAIRWAYS II"
91,"001 - GREAT BRIDGE"
91,"003 - CAMELOT"
91,"005 - CRESTWOOD"
91,"006 - DEEP CREEK"
91,"007 - GREENBRIER"
91,"008 - SOUTH NORFOLK RECREATION"
91,"011 - GENEVA PARK"
91,"012 - GEORGETOWN"
91,"013 - GILMERTON"
91,"014 - GRASSFIELD"
91,"015 - GREENBRIER MIDDLE SCHOOL"
91,"016 - CRADOCK MIDDLE SCHOOL"
91,"017 - VICTORY LIFE FELLOWSHIP"
91,"018 - INDIAN RIVER"
91,"020 - E W CHITTUM"
91,"023 - OAK GROVE"
91,"025 - ST JULIANS"
91,"026 - WILLIAM E. WATERS MIDDLE SCHOOL"
91,"027 - CAVALIER MANOR RECREATION CENTER"
91,"028 - LAKEVIEW ELEMENTARY SCHOOL"
91,"028 - SUNRAY I"
91,"031 - CARVER SCHOOL"
91,"032 - HODGES MANOR ELEMENTARY SCHOOL"
91,"032 - PROVIDENCE"
91,"033 - WESTOVER"
91,"036 - GREAT BRIDGE BAPTIST CHURCH"
91,"039 - LAKE DRUMMOND"
91,"041 - JOHN T WEST"
91,"042 - PARKWAYS"
91,"043 - PLEASANT CROSSING"
91,"044 - NANSEMOND"
91,"045 - SUNRAY II"
91,"046 - BELLS MILL II"
91,"048 - JOLLIFF MIDDLE SCHOOL"
91,"049 - WATERWAY"
91,"050 - RIVER WALK"
91,"052 - SHIPYARD ROAD"
91,"053 - FAIRWAYS"
91,"055 - GEORGETOWN EAST"
91,"056 - GREEN TREE"
91,"057 - CYPRESS"
91,"058 - EXPRESSWAY"
91,"059 - CLEARFIELD"
91,"060 - PARKER ROAD"
91,"061 - CENTERVILLE"
91,"064 - DEEP CREEK II"
91,"065 - WATERWAY II"
92,"010 - OSCAR SMITH"
92,"022 - NORFOLK HIGHLANDS"
92,"024 - OAKLETTE"
92,"026 - JOHNSON PARK"
92,"029 - TANGLEWOOD"
92,"030 - SOUTH NORFOLK"
92,"031 - CARVER SCHOOL"
92,"032 - PROVIDENCE"
92,"041 - JOHN T WEST"
92,"048 - JOLLIFF MIDDLE SCHOOL"
92,"056 - GREEN TREE"
92,"060 - PARKER ROAD"
92,"101 - GRANBY"
92,"201 - LARCHMONT SCHOOL"
92,"203 - GHENT SQUARE"
92,"207 - LAMBERT'S POINT"
92,"210 - MAURY"
92,"211 - CHRYSLER MUSEUM"
92,"212 - PARK PLACE"
92,"213 - TAYLOR ELEMENTARY SCHOOL"
92,"214 - VIRGINIA ZOO"
92,"303 - BROAD CREEK"
92,"306 - LINDENWOOD"
92,"309 - NORVIEW"
92,"313 - UNION CHAPEL"
92,"402 - BERKLEY"
92,"404 - CAMPOSTELLA"
92,"405 - CHESTERFIELD"
92,"408 - CALVARY REVIVAL CHURCH"
92,"411 - RUFFNER ACADEMY"
92,"412 - INGLESIDE"
92,"414 - YOUNG PARK"
92,"415 - LAKE TAYLOR HIGH SCHOOL"
92,"501 - BAYVIEW"
93,"101 - GRANBY"
93,"103 - NORTHSIDE"
93,"104 - TITUSTOWN"
93,"107 - WESLEY"
93,"210 - MAURY"
93,"212 - PARK PLACE"
93,"214 - VIRGINIA ZOO"
93,"215 - SUBURBAN PARK"
93,"218 - WILLARD"
93,"301 - BALLENTINE"
93,"302 - TANNERS CREEK"
93,"303 - BROAD CREEK"
93,"304 - COLEMAN PLACE SCHOOL"
93,"305 - LAFAYETTE-WINONA"
93,"306 - LINDENWOOD"
93,"309 - NORVIEW"
93,"310 - ROSEMONT"
93,"311 - SHERWOOD"
93,"313 - UNION CHAPEL"
93,"404 - CAMPOSTELLA"
93,"406 - BARRON BLACK"
93,"409 - FAIRLAWN"
93,"411 - RUFFNER ACADEMY"
93,"413 - POPLAR HALLS"
93,"414 - YOUNG PARK"
93,"415 - LAKE TAYLOR HIGH SCHOOL"
93,"504 - LARRYMORE"
93,"509 - TARRALLTON"
93,"511 - CROSSROADS"
94,"101 - GRANBY"
94,"102 - OCEAN VIEW SCHOOL"
94,"103 - NORTHSIDE"
94,"104 - TITUSTOWN"
94,"106 - SECOND PRESBYTERIAN"
94,"208 - LARCHMONT LIBRARY"
94,"305 - LAFAYETTE-WINONA"
94,"310 - ROSEMONT"
94,"406 - BARRON BLACK"
94,"501 - BAYVIEW"
94,"503 - EAST OCEAN VIEW"
94,"505 - LITTLE CREEK"
94,"506 - OCEAN VIEW GOLF COURSE"
94,"507 - PRETLOW"
94,"509 - TARRALLTON"
94,"510 - THIRD PRESBYTERIAN"
94,"511 - CROSSROADS"
94,"512 - AZALEA GARDENS"
95,"015 - PRECINCT 15"
95,"016 - PRECINCT 16"
95,"020 - PRECINCT 20"
95,"021 - PRECINCT 21"
95,"022 - PRECINCT 22"
95,"023 - PRECINCT 23"
95,"025 - PRECINCT 25"
95,"038 - PRECINCT 38"
95,"040 - PRECINCT 40"
95,"041 - PRECINCT 41"
95,"044 - PRECINCT 44"
95,"057 - PRECINCT 57"
95,"061 - PRECINCT 61"
95,"065 - PRECINCT 65"
95,"069 - PRECINCT 69"
95,"079 - PRECINCT 79"
95,"084 - PRECINCT 84"
95,"091 - PRECINCT 91"
95,"093 - PRECINCT 93"
95,"098 - PRECINCT 98"
95,"101 - PRECINCT 101"
95,"102 - PRECINCT 102"
95,"104 - PRECINCT 104"
95,"406 - BARRON BLACK"
95,"408 - CALVARY REVIVAL CHURCH"
95,"409 - FAIRLAWN"
95,"413 - POPLAR HALLS"
96,"005 - PRECINCT 5"
96,"029 - PRECINCT 29"
96,"042 - PRECINCT 42"
96,"043 - PRECINCT 43"
96,"044 - PRECINCT 44"
96,"045 - PRECINCT 45"
96,"046 - PRECINCT 46"
96,"053 - PRECINCT 53"
96,"058 - PRECINCT 58"
96,"062 - PRECINCT 62"
96,"064 - PRECINCT 64"
96,"065 - PRECINCT 65"
96,"071 - PRECINCT 71"
96,"073 - PRECINCT 73"
96,"074 - PRECINCT 74"
96,"077 - PRECINCT 77"
96,"078 - PRECINCT 78"
96,"080 - PRECINCT 80"
96,"081 - PRECINCT 81"
96,"084 - PRECINCT 84"
96,"089 - PRECINCT 89"
96,"091 - PRECINCT 91"
96,"097 - PRECINCT 97"
96,"099 - PRECINCT 99"
97,"002 - PRECINCT 2"
97,"008 - PRECINCT 8"
97,"012 - PRECINCT 12"
97,"013 - PRECINCT 13"
97,"021 - PRECINCT 21"
97,"022 - PRECINCT 22"
97,"024 - PRECINCT 24"
97,"026 - PRECINCT 26"
97,"027 - PRECINCT 27"
97,"029 - PRECINCT 29"
97,"030 - PRECINCT 30"
97,"036 - PRECINCT 36"
97,"037 - PRECINCT 37"
97,"039 - PRECINCT 39"
97,"040 - PRECINCT 40"
97,"043 - PRECINCT 43"
97,"045 - PRECINCT 45"
97,"049 - PRECINCT 49"
97,"050 - PRECINCT 50"
97,"051 - PRECINCT 51"
97,"052 - PRECINCT 52"
97,"053 - PRECINCT 53"
97,"055 - PRECINCT 55"
97,"068 - PRECINCT 68"
97,"076 - PRECINCT 76"
97,"077 - PRECINCT 77"
97,"078 - PRECINCT 78"
97,"081 - PRECINCT 81"
97,"084 - PRECINCT 84"
97,"091 - PRECINCT 91"
97,"093 - PRECINCT 93"
97,"094 - PRECINCT 94"
97,"095 - PRECINCT 95"
97,"098 - PRECINCT 98"
97,"103 - PRECINCT 103"
97,"105 - PRECINCT 105"
97,"106 - PRECINCT 106"
98,"001 - PRECINCT 1"
98,"003 - PRECINCT 3"
98,"010 - PRECINCT 10"
98,"011 - PRECINCT 11"
98,"020 - PRECINCT 20"
98,"021 - PRECINCT 21"
98,"030 - PRECINCT 30"
98,"031 - PRECINCT 31"
98,"032 - PRECINCT 32"
98,"033 - PRECINCT 33"
98,"034 - PRECINCT 34"
98,"035 - PRECINCT 35"
98,"050 - PRECINCT 50"
98,"054 - PRECINCT 54"
98,"055 - PRECINCT 55"
98,"057 - PRECINCT 57"
98,"060 - PRECINCT 60"
98,"062 - PRECINCT 62"
98,"063 - PRECINCT 63"
98,"064 - PRECINCT 64"
98,"066 - PRECINCT 66"
98,"070 - PRECINCT 70"
98,"072 - PRECINCT 72"
98,"081 - PRECINCT 81"
98,"082 - PRECINCT 82"
98,"083 - PRECINCT 83"
98,"085 - PRECINCT 85"
98,"087 - PRECINCT 87"
98,"088 - PRECINCT 88"
98,"091 - PRECINCT 91"
98,"095 - PRECINCT 95"
98,"099 - PRECINCT 99"
98,"100 - PRECINCT 100"
99,"001 - PRECINCT 1"
99,"002 - PRECINCT 2"
99,"004 - PRECINCT 4"
99,"005 - PRECINCT 5"
99,"006 - PRECINCT 6"
99,"007 - PRECINCT 7"
99,"009 - PRECINCT 9"
99,"010 - PRECINCT 10"
99,"011 - PRECINCT 11"
99,"014 - PRECINCT 14"
99,"028 - PRECINCT 28"
99,"030 - PRECINCT 30"
99,"037 - PRECINCT 37"
99,"047 - PRECINCT 47"
99,"048 - PRECINCT 48"
99,"049 - PRECINCT 49"
99,"050 - PRECINCT 50"
99,"056 - PRECINCT 56"
99,"067 - PRECINCT 67"
99,"072 - PRECINCT 72"
99,"075 - PRECINCT 75"
99,"077 - PRECINCT 77"
99,"092 - PRECINCT 92"
99,"096 - PRECINCT 96"
99,"098 - PRECINCT 98"
99,"104 - PRECINCT 104"
99,"107 - PRECINCT 107"
100,"011 - PRECINCT 11"
100,"012 - PRECINCT 12"
100,"015 - PRECINCT 15"
100,"017 - PRECINCT 17"
100,"018 - PRECINCT 18"
100,"019 - PRECINCT 19"
100,"020 - PRECINCT 20"
100,"037 - PRECINCT 37"
100,"038 - PRECINCT 38"
100,"049 - PRECINCT 49"
100,"059 - PRECINCT 59"
100,"069 - PRECINCT 69"
100,"086 - PRECINCT 86"
100,"090 - PRECINCT 90"
100,"093 - PRECINCT 93"
100,"101 - CHINCOTEAGUE"
100,"101 - PRECINCT 1-1"
100,"102 - PRECINCT 102"
100,"105 - PRECINCT 105"
100,"108 - PRECINCT 108"
100,"201 - ATLANTIC"
100,"201 - PRECINCT 2-1"
100,"202 - GREENBACKVILLE"
100,"301 - NEW CHURCH"
100,"301 - PRECINCT 3-1"
100,"401 - BLOXOM"
100,"401 - PRECINCT 4-1"
100,"402 - PARKSLEY"
100,"403 - SAXIS"
100,"501 - MAPPSVILLE"
100,"501 - PRECINCT 5-1"
100,"502 - RUE"
100,"601 - ACCOMAC"
100,"602 - TANGIER"
100,"701 - NANDUA"
100,"801 - BOBTOWN"
100,"802 - MELFA"
100,"803 - WACHAPREAGUE"
100,"901 - PAINTER"
NA,"001 - PRECINCT 1"
NA,"005 - PRECINCT 5"
NA,"009 - BELLS MILL"
NA,"011 - RALEIGH COURT"
NA,"014 - GRASSFIELD"
NA,"015 - GRANDIN COURT"
NA,"015 - PRECINCT 15"
NA,"016 - CRADOCK MIDDLE SCHOOL"
NA,"017 - LEE-HI"
NA,"017 - VICTORY LIFE FELLOWSHIP"
NA,"018 - SUMMIT HILLS"
NA,"019 - FOREST PARK"
NA,"021 - PRECINCT 21"
NA,"023 - OAK GROVE"
NA,"027 - CAVALIER MANOR RECREATION CENTER"
NA,"029 - PRECINCT 29"
NA,"030 - PRECINCT 30"
NA,"031 - CARVER SCHOOL"
NA,"032 - PROVIDENCE"
NA,"033 - WESTOVER"
NA,"036 - GREAT BRIDGE BAPTIST CHURCH"
NA,"037 - PRECINCT 37"
NA,"039 - LAKE DRUMMOND"
NA,"040 - PRECINCT 40"
NA,"041 - JOHN T WEST"
NA,"044 - NANSEMOND"
NA,"044 - PRECINCT 44"
NA,"049 - WATERWAY"
NA,"050 - RIVER WALK"
NA,"051 - COOPERS WAY"
NA,"052 - SHIPYARD ROAD"
NA,"053 - FAIRWAYS"
NA,"055 - PRECINCT 55"
NA,"056 - GREEN TREE"
NA,"057 - CYPRESS"
NA,"059 - CLEARFIELD"
NA,"060 - PARKER ROAD"
NA,"061 - CENTERVILLE"
NA,"064 - DEEP CREEK II"
NA,"064 - PRECINCT 64"
NA,"065 - PRECINCT 65"
NA,"065 - WATERWAY II"
NA,"069 - PRECINCT 69"
NA,"072 - PRECINCT 72"
NA,"081 - PRECINCT 81"
NA,"084 - PRECINCT 84"
NA,"093 - PRECINCT 93"
NA,"099 - PRECINCT 99"
NA,"101 - BERKELEY A"
NA,"101 - BOWLING GREEN"
NA,"101 - BRENTSVILLE"
NA,"101 - DENBIGH"
NA,"101 - FARMVILLE"
NA,"101 - FORK TOWN"
NA,"101 - GRANBY"
NA,"101 - HARTWOOD"
NA,"101 - PAGAN RIVER"
NA,"101 - PARTLOW RURITAN"
NA,"101 - PRECINCT A-1"
NA,"101 - ROCKFISH"
NA,"101 - SOUTH CLINTWOOD"
NA,"102 - CYPRESS CREEK A"
NA,"102 - NEW LONDON"
NA,"102 - PRECINCT 102"
NA,"102 - RICHFIELD"
NA,"102 - SPARTA"
NA,"102 - STONEY RUN"
NA,"103 - BERKELEY C"
NA,"103 - GLEN ALLEN"
NA,"103 - JOHN J WRIGHT"
NA,"103 - KERNSTOWN"
NA,"103 - NORTH GLENVAR"
NA,"103 - REPUBLICAN GROVE"
NA,"103 - SCOTT'S TANYARD"
NA,"103 - TWIN SPRINGS"
NA,"104 - COOPER"
NA,"104 - MASSAPONAX HIGH"
NA,"104 - NOKESVILLE"
NA,"104 - RIVES"
NA,"104 - TITUSTOWN"
NA,"104 - WILSON"
NA,"105 - DUNLORA"
NA,"105 - EAST HAMPTON"
NA,"105 - HARBOURVIEW"
NA,"105 - LACEY SPRING"
NA,"105 - PRECINCT 105"
NA,"106 - FORGE"
NA,"106 - HARROWGATE"
NA,"106 - LONE PINE"
NA,"106 - RESERVOIR"
NA,"106 - SOUTH GLENVAR"
NA,"106 - TUNSTALL"
NA,"106 - UNITY REED"
NA,"107 - LITTLE RIVER"
NA,"107 - MARSTELLER"
NA,"108 - ECOFF"
NA,"108 - HONEY MEADOWS"
NA,"108 - HUNTON"
NA,"108 - PRECINCT 108"
NA,"108 - VICTORY"
NA,"108 - WEST BLAIRS"
NA,"109 - CHRIS YUNG"
NA,"109 - ELIZABETH SCOTT"
NA,"109 - WINDSOR"
NA,"110 - BUCKLAND MILLS"
NA,"110 - GREENWOOD"
NA,"110 - NORTH SPRINGFIELD"
NA,"111 - MAUDE TREVVETT"
NA,"111 - STONEYBROOK"
NA,"112 - BURKE-NICKENS"
NA,"112 - SMITH"
NA,"113 - IRON BRIDGE NORTH"
NA,"114 - BRISTOW RUN"
NA,"114 - DULLES SOUTH"
NA,"115 - WESTWOOD"
NA,"117 - PRECINCT 117"
NA,"117 - WOODSON 1"
NA,"118 - MOOREFIELD"
NA,"119 - ARCOLA"
NA,"122 - HUTCHISON FARM"
NA,"122 - PRECINCT 122"
NA,"123 - ROBINSON"
NA,"124 - LIBERTY"
NA,"126 - PRECINCT 126"
NA,"131 - EAGLE VIEW 1"
NA,"132 - MONUMENT"
NA,"138 - PRECINCT 138"
NA,"145 - PRECINCT 145"
NA,"201 - BEAVERDAM"
NA,"201 - BEDFORD CHRISTIAN CHURCH"
NA,"201 - BLAND"
NA,"201 - CRIMORA"
NA,"201 - FIELDALE"
NA,"201 - JACK JOUETT"
NA,"201 - LOCKETT"
NA,"201 - LOVINGSTON"
NA,"201 - NORA"
NA,"201 - PRECINCT B-1"
NA,"201 - ROCK HILL"
NA,"201 - SINGERS GLEN"
NA,"202 - BEDFORD SPRINGS"
NA,"202 - BLACKWATER"
NA,"202 - BOULEVARD"
NA,"202 - EDOM"
NA,"202 - FIRE RESCUE 7"
NA,"202 - HIGHLAND BELLE"
NA,"202 - HORSEPASTURE 1"
NA,"202 - JAMESTOWN B"
NA,"202 - PRECINCT B-2"
NA,"202 - SCHUYLER"
NA,"202 - SOUTH MADISON"
NA,"202 - UNIVERSITY"
NA,"203 - BENNETT"
NA,"203 - BIRD"
NA,"203 - BURBANK"
NA,"203 - EASTLAKE COMMUNITY CHURCH"
NA,"203 - GEORGETOWN"
NA,"203 - NEWBERN"
NA,"203 - NI RIVER MIDDLE"
NA,"203 - PRECINCT B-3"
NA,"203 - RUBY"
NA,"204 - COURTS BLDG"
NA,"204 - GREEN RIDGE"
NA,"204 - HILLPOINT"
NA,"204 - MT CLINTON"
NA,"204 - SPENCER"
NA,"204 - STEFANIGA"
NA,"205 - FALLING CREEK"
NA,"205 - JEFFERSON PARK"
NA,"205 - MOUNT ARARAT"
NA,"205 - PRECINCT B-5"
NA,"205 - SILVER LAKE"
NA,"206 - CHINQUAPIN PARK RECREATION CTR"
NA,"206 - COLES"
NA,"206 - COURTHOUSE"
NA,"208 - COLGAN"
NA,"208 - ESSEX VILLAGE"
NA,"208 - KRAFT"
NA,"208 - RESTON 1"
NA,"209 - LANGLEY"
NA,"209 - SALEM CHURCH"
NA,"210 - F.T. DAY SCHOOL"
NA,"210 - FIVE FORKS"
NA,"210 - GLEN LEA"
NA,"210 - MACHEN"
NA,"210 - MAURY"
NA,"210 - YATES FORD"
NA,"211 - PALMER"
NA,"212 - PARK PLACE"
NA,"213 - TWO HUNDRED THIRTEEN"
NA,"214 - HUNGARY"
NA,"214 - VIENNA 2"
NA,"214 - VIRGINIA ZOO"
NA,"216 - LONGDALE"
NA,"216 - TWO HUNDRED SIXTEEN"
NA,"216 - YATES"
NA,"217 - MAPLEWOOD"
NA,"218 - KILN CREEK"
NA,"218 - NEW MANCHESTER"
NA,"218 - VIENNA 6"
NA,"219 - DEER PARK"
NA,"219 - GATES EAST"
NA,"219 - MOUNTAIN"
NA,"220 - FALLING CREEK EAST"
NA,"221 - HUNTERS WOODS"
NA,"222 - RESTON 3"
NA,"223 - GLADE"
NA,"226 - WOLFTRAP"
NA,"233 - NORTH POINT"
NA,"234 - ALDRIN"
NA,"238 - CAMERON GLEN"
NA,"301 - COOKS MILL"
NA,"301 - DUMFRIES"
NA,"301 - LEIGH"
NA,"301 - NEW LONDON ACADEMY"
NA,"301 - PATRICK HENRY 1"
NA,"301 - STAFFORDBORO"
NA,"301 - WATKINS"
NA,"301 - WEST DANTE"
NA,"302 - BEDFORD COUNTY GYM"
NA,"302 - CEDARFIELD"
NA,"302 - CUMBERLAND"
NA,"302 - DAUGHERTY"
NA,"302 - DEER RUN"
NA,"302 - HERALD"
NA,"302 - JOHN F KENNEDY"
NA,"302 - PATRICK HENRY REC CENTER"
NA,"302 - PORT REPUBLIC"
NA,"302 - POTOMAC"
NA,"302 - SALEM LIBRARY"
NA,"302 - WIDEWATER"
NA,"302 - WOODFORD"
NA,"303 - BARRETT HEIGHTS"
NA,"303 - BROAD CREEK"
NA,"303 - CARDOVA"
NA,"303 - CHARLES E BEATLEY LIBRARY"
NA,"303 - COLONIAL TRAIL"
NA,"303 - FOREST ALLIANCE CHURCH"
NA,"303 - GRAHAM PARK"
NA,"303 - LITTLE ZION"
NA,"303 - MELROSE"
NA,"303 - NEW GARDEN"
NA,"303 - RIDGE"
NA,"303 - RIVERBEND HIGH"
NA,"304 - AQUIA EPISCOPAL"
NA,"304 - ATLEE"
NA,"304 - CLEVELAND"
NA,"304 - FREEDOM BAPTIST CHURCH"
NA,"304 - LONGS FORK"
NA,"304 - NANSEMOND RIVER"
NA,"304 - PRECINCT C-4"
NA,"304 - ROLLA"
NA,"304 - SAMUEL TUCKER SCHOOL"
NA,"304 - VERNON HILL"
NA,"305 - COUNTRY GREEN"
NA,"305 - EAST HIDDEN VALLEY"
NA,"305 - FOREST FIRE STATION #2"
NA,"305 - GRIFFIS"
NA,"305 - JACKSON DAVIS"
NA,"305 - JOHN ADAMS SCHOOL"
NA,"305 - LAFAYETTE-WINONA"
NA,"305 - MASSANETTA SPRINGS"
NA,"305 - SINAI"
NA,"306 - CROSSROADS"
NA,"306 - LINDENWOOD"
NA,"306 - THREE HUNDRED SIX"
NA,"306 - WILLIAM RAMSAY SCHOOL"
NA,"306 - WINTERPOCK"
NA,"307 - COSBY"
NA,"307 - HAYCOCK"
NA,"307 - POCAHONTAS"
NA,"307 - SOUTH PORT"
NA,"307 - WEST HIDDEN VALLEY"
NA,"308 - CAMERON STATION COMMUNITY CTR"
NA,"308 - SOUTH MANCHESTER"
NA,"308 - ST LOUIS"
NA,"309 - NORVIEW"
NA,"309 - OLYMPUS CONDO"
NA,"309 - RIVERS EDGE"
NA,"309 - SKINQUARTER"
NA,"310 - MOUNTAIN VIEW"
NA,"310 - PW FOREST PARK"
NA,"310 - ROSEMONT"
NA,"310 - SADLER"
NA,"310 - THREE HUNDRED TEN"
NA,"311 - SHADY GROVE"
NA,"311 - SWANS CREEK"
NA,"312 - BRIAR WOODS"
NA,"313 - CARDINAL"
NA,"313 - PINEBROOK"
NA,"313 - REED"
NA,"313 - STONEY RUN"
NA,"313 - UNION CHAPEL"
NA,"313 - WOOLRIDGE SOUTH"
NA,"314 - LEGACY"
NA,"315 - TUCKER"
NA,"316 - CREIGHTON'S CORNER"
NA,"316 - POTOMAC SHORES"
NA,"316 - SPRING RUN"
NA,"317 - BIRKDALE"
NA,"317 - WESTHAMPTON"
NA,"318 - MADISON'S TRUST"
NA,"319 - JOHN CHAMPE"
NA,"319 - MAGNOLIA"
NA,"320 - DRY CREEK"
NA,"320 - STONE HILL"
NA,"322 - BUFFALO TRAIL"
NA,"332 - COATES"
NA,"401 - AIRPORT"
NA,"401 - BOWLING GREEN"
NA,"401 - BUFFALO GAP"
NA,"401 - BUSH HILL"
NA,"401 - COLLINSVILLE 1"
NA,"401 - COSNER PARK"
NA,"401 - COURTHOUSE"
NA,"401 - DAWN"
NA,"401 - DINWIDDIE"
NA,"401 - ELDORADO"
NA,"401 - FOREST ELEMENTARY SCHOOL"
NA,"401 - HAYES"
NA,"401 - PRECINCT D-1"
NA,"401 - STONEHOUSE A"
NA,"401 - WEST LOVETTSVILLE"
NA,"402 - BROOKE"
NA,"402 - BROWNS STORE"
NA,"402 - FOUR HUNDRED TWO"
NA,"402 - GENITO"
NA,"402 - GERMANNA CAMPUS"
NA,"402 - MCKENNEY"
NA,"402 - MOUNTAIN VIEW"
NA,"402 - PRECINCT D-2"
NA,"402 - SARAHS CREEK"
NA,"402 - WALKER"
NA,"402 - WATERFORD"
NA,"403 - CHERRY HILL"
NA,"403 - PRECINCT D-3"
NA,"403 - WATERLOO"
NA,"404 - EAST MASSIE"
NA,"404 - FIRE RESCUE 11"
NA,"404 - NORTH RIVER"
NA,"404 - PRECINCT D-4"
NA,"404 - UNITY BRAXTON"
NA,"405 - CEDAR GREEN"
NA,"405 - HOLLYWOOD"
NA,"405 - HOPE"
NA,"406 - ALVEY"
NA,"406 - SMOKETREE"
NA,"407 - MONACAN"
NA,"408 - EVERGREEN"
NA,"409 - CLARKES GAP"
NA,"409 - FAIRLAWN"
NA,"409 - PIONEER"
NA,"409 - TYLER"
NA,"410 - MOUNTAIN VIEW"
NA,"411 - MULLEN"
NA,"411 - RUFFNER ACADEMY"
NA,"412 - CLOVER HILL"
NA,"414 - CRENSHAW"
NA,"414 - YOUNG PARK"
NA,"416 - HAMILTON"
NA,"419 - NORTH COURTHOUSE"
NA,"422 - SYCOLIN CREEK"
NA,"501 - ACHILLES"
NA,"501 - FABER"
NA,"501 - GREENVILLE"
NA,"501 - HOPEWELL"
NA,"501 - HURT"
NA,"501 - KILBYS MILL"
NA,"501 - PRECINCT E-1"
NA,"501 - ROBERTS A"
NA,"501 - ROBINSON"
NA,"501 - SPRING HILL"
NA,"501 - SPRINGWOODS"
NA,"501 - STARKEY"
NA,"501 - WEST LEBANON"
NA,"502 - BENTONVILLE"
NA,"502 - DAN RIVER"
NA,"502 - FIGSBORO"
NA,"502 - FIRE RESCUE 2"
NA,"502 - FIVE NORTH"
NA,"502 - MEADOWVIEW"
NA,"502 - MIDDLEBROOK"
NA,"502 - MILFORD"
NA,"502 - NELLYSFORD"
NA,"502 - NORTH CLINTWOOD"
NA,"502 - ROBERTS B"
NA,"502 - SUCK SPRING BAPTIST CHURCH"
NA,"502 - SWIFT RUN"
NA,"502 - WALKER"
NA,"502 - YELLOW BRANCH"
NA,"503 - BELVEDERE"
NA,"503 - CEDAR FORK"
NA,"503 - DRY MILL"
NA,"503 - HOLLYMEAD"
NA,"503 - RENAN"
NA,"503 - ROBERTS C"
NA,"503 - ROCKBRIDGE BATHS"
NA,"503 - SPOTSYLVANIA HIGH"
NA,"504 - BRISTOW"
NA,"504 - LAKE COHOON"
NA,"504 - PRECINCT E-4"
NA,"504 - PUBLIC SAFETY"
NA,"504 - VAUCLUSE SPRING"
NA,"505 - BROCK ROAD ELEMENTARY"
NA,"505 - CLEARBROOK"
NA,"505 - ESKIMO HILL"
NA,"506 - DEEP RUN"
NA,"506 - HOLMES"
NA,"507 - PANTOPS"
NA,"508 - BELGRADE"
NA,"509 - CRANBECK"
NA,"509 - TARRALLTON"
NA,"509 - TOLBERT"
NA,"510 - PARKLAWN"
NA,"510 - SYCAMORE"
NA,"511 - CROSSROADS"
NA,"512 - SLEEPY HOLLOW"
NA,"514 - PLEASANTS"
NA,"515 - DAVIS"
NA,"517 - ROSELAND"
NA,"601 - BATTLEFIELD ELEMENTARY"
NA,"601 - DALE"
NA,"601 - EAST LEBANON"
NA,"601 - MONTVALE ELEM SCHOOL"
NA,"601 - PRECINCT F-1"
NA,"602 - ELK GARDEN"
NA,"602 - SHADY GROVE FIRE DEPARTMENT"
NA,"602 - SMITH STATION ELEMENTARY"
NA,"603 - BEDFORD MOOSE LODGE"
NA,"603 - CHANCELLOR HIGH"
NA,"603 - GREENWOOD"
NA,"604 - BEDFORD WELCOME CENTER"
NA,"604 - GAR-FIELD"
NA,"604 - RIDGEWAY 2"
NA,"604 - WILROY"
NA,"605 - MACK BENN JR."
NA,"605 - MELCHERS"
NA,"608 - ENTERPRISE"
NA,"609 - SIX HUNDRED NINE"
NA,"614 - MCAULIFFE"
NA,"615 - WOODLEY"
NA,"617 - OAK GROVE"
NA,"619 - RIDGETOP"
NA,"621 - DOMINION TRAIL"
NA,"627 - WOODLAWN 1"
NA,"628 - LAUREL HILL 1"
NA,"628 - MOOREFIELD STATION"
NA,"629 - SOUTH COUNTY"
NA,"636 - LAUREL HILL 2"
NA,"701 - BELMONT"
NA,"701 - BLAKE"
NA,"701 - GOODE VOL RESCUE SQUAD"
NA,"702 - BRANDY STATION"
NA,"702 - EASTLAND CHURCH"
NA,"702 - LIBERTY HIGH SCHOOL"
NA,"702 - LIBRARY"
NA,"702 - MIDWAY"
NA,"702 - MOUNTAIN ROAD 2"
NA,"702 - WHITSON"
NA,"703 - HAMPTON"
NA,"703 - LEES PARKE"
NA,"703 - PRECINCT G-3"
NA,"703 - THAXTON BAPTIST CHURCH"
NA,"704 - BEDFORD CENTRAL LIBRARY"
NA,"704 - ELMONT"
NA,"704 - POOLE"
NA,"705 - MT CROSS"
NA,"705 - POTOMAC VIEW"
NA,"706 - RIPPON"
NA,"706 - SEVEN HUNDRED SIX"
NA,"707 - CLAUDE MOORE PARK"
NA,"707 - KILBY"
NA,"708 - MARSHALL"
NA,"708 - RIVER OAKS"
NA,"709 - FREEDOM"
NA,"712 - LEESYLVANIA"
NA,"723 - GALLOWS EAST"
NA,"726 - MAGARITY"
NA,"731 - TYSONS"
NA,"735 - ROTONDA"
NA,"736 - BEDFORD"
NA,"803 - LADD"
NA,"804 - GOOSE CREEK"
NA,"807 - HUNT VALLEY"
NA,"808 - STONE BRIDGE"
NA,"810 - CEDAR LANE"
NA,"813 - SELDENS LANDING"
NA,"825 - CHERRY RUN"
NA,"841 - POPES HEAD"
NA,"844 - CENTERPOINTE"
NA,"849 - NEWGATE NORTH"
NA,"850 - SOUTH RUN"
NA,"854 - NEWGATE SOUTH"
NA,"856 - PENDERBROOK"
NA,"903 - CUB RUN"
NA,"911 - NAVY"
NA,"917 - STONE"
NA,"923 - BULL RUN"
